1,I,150200358,00389,1999,F,TELEFONO INTERSECRETARIAL,1999-11-08,"TELEFONO INTERSECRETARIAL.- UNILINEA, MARCA: PANASONIC, MODELO: KX-T 55B, NUMERO DE SERIE: 9JBAA201035",000121,406,1999-11-08,345.00,CD,EC,1. BUENO,S,0,
2,I,150200358,00390,1999,F,TELEFONO INTERSECRETARIAL,1999-11-08,"TELEFONO INTERSECRETARIAL.- UNILINEA, MARCA: PANASONIC, MODELO: KX-T 55B, NUMERO DE SERIE: 9JBAA201044",000121,406,1999-11-08,345.00,CD,EC,6. BAJA (INSERVIBLE),S,1,2013-10-29
3,I,150200358,00391,1999,F,TELEFONO INTERSECRETARIAL,1999-11-08,"TELEFONO INTERSECRETARIAL.- UNILINEA, MARCA: PANASONIC, MODELO: KX-T 55B, NUMERO DE SERIE: 9JBAA201148",000121,406,1999-11-08,345.00,CD,EC,6. BAJA (INSERVIBLE),S,1,2014-12-03
4,I,150200358,00392,1999,F,TELEFONO INTERSECRETARIAL,1999-11-08,"TELEFONO INTERSECRETARIAL.- UNILINEA, MARCA: PANASONIC, MODELO: KX-T 55B, NUMERO DE SERIE: 9JBAA201034",000121,406,1999-11-08,345.00,CD,EC,6. BAJA (INSERVIBLE),S,1,2013-10-29
5,I,150200358,00393,1999,F,TELEFONO INTERSECRETARIAL,1999-11-08,"TELEFONO INTERSECRETARIAL.- UNILINEA, MARCA: PANASONIC, MODELO: KX-T 55B, NUMERO DE SERIE: 9JBAA201344",000121,406,1999-11-08,345.00,CD,EC,6. BAJA (INSERVIBLE),S,1,2012-09-04
6,I,150200358,00395,1999,F,TELEFONO INTERSECRETARIAL,1999-11-08,"TELEFONO INTERSECRETARIAL.- UNILINEA, MARCA: PANASONIC, MODELO: KX-T 55B, NUMERO DE SERIE: 9JBAA201244",000121,406,1999-11-08,345.00,CD,EC,1. BUENO,S,0,
7,I,150200358,00396,1999,F,TELEFONO INTERSECRETARIAL,1999-11-08,"TELEFONO INTERSECRETARIAL.- UNILINEA, MARCA: PANASONIC, MODELO: KX-T 55B, NUMERO DE SERIE: 9JBAA201168",000121,406,1999-11-08,345.00,CD,EC,6. BAJA (INSERVIBLE),S,1,2012-09-04
8,I,150200358,00397,1999,F,TELEFONO INTERSECRETARIAL,1999-11-08,"TELEFONO INTERSECRETARIAL.- UNILINEA, MARCA: PANASONIC, MODELO: KX-T 55B, NUMERO DE SERIE: 9JBAA201114",000121,406,1999-11-08,345.00,CD,EC,6. BAJA (INSERVIBLE),S,1,2014-07-01
9,I,150200358,00398,1999,F,TELEFONO INTERSECRETARIAL,1999-11-08,"TELEFONO INTERSECRETARIAL.- UNILINEA, MARCA: PANASONIC, MODELO: KX-T 55B, NUMERO DE SERIE: 9JBAA201336",000121,406,1999-11-08,345.00,CD,EC,1. BUENO,S,0,
10,I,150200358,00399,1999,F,TELEFONO INTERSECRETARIAL,1999-11-08,"TELEFONO INTERSECRETARIAL.- UNILINEA, MARCA: PANASONIC, MODELO: KX-T 55B, NUMERO DE SERIE: 9JBAA201172",000121,406,1999-11-08,345.00,CD,EC,1. BUENO,S,0,
11,I,150200358,00400,1999,F,TELEFONO INTERSECRETARIAL,1999-11-08,"TELEFONO INTERSECRETARIAL.- UNILINEA, MARCA: PANASONIC, MODELO: KX-T 55B, NUMERO DE SERIE: 9JBAA201043",000121,406,1999-11-08,345.00,CD,EC,6. BAJA (INSERVIBLE),S,1,2009-08-26
12,I,150200358,00401,1999,F,TELEFONO INTERSECRETARIAL,1999-11-08,"TELEFONO INTERSECRETARIAL.- UNILINEA, MARCA: PANASONIC, MODELO: KX-T 55B, NUMERO DE SERIE: 9JBAA201223",000121,406,1999-11-08,345.00,CD,EC,6. BAJA (INSERVIBLE),S,1,2012-09-04
13,I,180000062,00088,1994,F,MESA PILOTEO,1994-07-20,"MESA PILOTEO.- PARA COMPUTADORA, MARCA: IMESA, COLOR: BLANCO, MEDIDAS: 1.50 x 0.60 X 0.60 MTS.",000006,10613,1994-07-20,266.75,CD,EP,6. BAJA (INSERVIBLE),S,1,2013-10-29
14,I,180000062,00090,1994,F,MESA PILOTEO,1994-07-20,"MESA PILOTEO.- PARA COMPUTADORA, MARCA: IMESA, COLOR: BLANCO, MEDIDAS: 1.50 x 0.60 X 0.60 MTS.",000006,10613,1994-07-20,266.75,CD,EP,6. BAJA (INSERVIBLE),S,1,2014-12-03
15,I,180000062,00092,1994,F,MESA PILOTEO,1994-07-20,"MESA PILOTEO.- PARA COMPUTADORA, MARCA: IMESA, COLOR: BLANCO, MEDIDAS: 1.50 x 0.60 X 0.60 MTS.",000006,10613,1994-07-20,266.75,CD,EP,6. BAJA (INSERVIBLE),S,1,2014-12-03
16,I,180000062,00093,1994,F,MESA PILOTEO,1994-07-20,"MESA PILOTEO.- PARA COMPUTADORA, MARCA: IMESA, COLOR: BLANCO, MEDIDAS: 1.50 x 0.60 X 0.60 MTS.",000006,10613,1994-07-20,266.75,CD,EP,6. BAJA (INSERVIBLE),S,1,2012-09-04
17,I,180000062,00094,1994,F,MESA PILOTEO,1994-07-20,"MESA PILOTEO.- PARA COMPUTADORA, MARCA: IMESA, COLOR: BLANCO, MEDIDAS: 1.50 x 0.60 X 0.60 MTS.",000006,10613,1994-07-20,266.75,CD,EP,6. BAJA (INSERVIBLE),S,1,2013-10-29
18,I,180000062,00095,1994,F,MESA PILOTEO,1994-07-20,"MESA PILOTEO.- PARA COMPUTADORA, MARCA: IMESA, COLOR: BLANCO, MEDIDAS: 1.50 x 0.60 X 0.60 MTS.",000006,10613,1994-07-20,266.75,CD,EP,6. BAJA (INSERVIBLE),S,1,2014-12-03
19,I,180000062,00096,1994,F,MESA PILOTEO,1994-07-20,"MESA PILOTEO.- PARA COMPUTADORA, MARCA: IMESA, COLOR: BLANCO, MEDIDAS: 1.50 x 0.60 X 0.60 MTS.",000006,10613,1994-07-20,266.75,CD,EP,6. BAJA (INSERVIBLE),S,1,2014-12-03
20,I,180000062,00097,1994,F,MESA PILOTEO,1994-07-20,"MESA PILOTEO.- PARA COMPUTADORA, MARCA: IMESA, COLOR: BLANCO, MEDIDAS: 1.50 x 0.60 X 0.60 MTS.",000006,10613,1994-07-20,266.75,CD,EP,6. BAJA (INSERVIBLE),S,1,2012-09-04
21,I,180000062,00098,1994,F,MESA PILOTEO,1994-07-20,"MESA PILOTEO.- PARA COMPUTADORA, MARCA: IMESA, COLOR: BLANCO, MEDIDAS: 1.50 x 0.60 X 0.60 MTS.",000006,10613,1994-07-20,266.75,CD,EP,6. BAJA (INSERVIBLE),S,1,2012-09-04
22,I,180000062,00103,1994,F,MESA PILOTEO,1994-07-20,"MESA PILOTEO.- PARA COMPUTADORA, MARCA: IMESA, COLOR: BLANCO, MEDIDAS: 1.50 x 0.60 X 0.60 MTS.",000006,10613,1994-07-20,266.75,CD,EP,6. BAJA (INSERVIBLE),S,1,2009-08-26
23,I,180000062,00107,1994,F,MESA PILOTEO,1994-07-20,"MESA PILOTEO.- PARA COMPUTADORA, MARCA: IMESA, COLOR: BLANCO, MEDIDAS: 1.50 x 0.60 X 0.60 MTS.",000006,10613,1994-07-20,266.75,CD,EP,6. BAJA (INSERVIBLE),S,1,2012-09-04
24,I,180000062,00108,1994,F,MESA PILOTEO,1994-07-20,"MESA PILOTEO.- PARA COMPUTADORA, MARCA: IMESA, COLOR: BLANCO, MEDIDAS: 1.50 x 0.60 X 0.60 MTS.",000006,10613,1994-07-20,266.75,CD,EP,6. BAJA (INSERVIBLE),S,1,2009-07-01
25,I,180000062,00109,1994,F,MESA PILOTEO,1994-07-20,"MESA PILOTEO.- PARA COMPUTADORA, MARCA: IMESA, COLOR: BLANCO, MEDIDAS: 1.50 x 0.60 X 0.60 MTS.",000006,10613,1994-07-20,266.75,CD,EP,6. BAJA (INSERVIBLE),S,1,2012-09-04
26,I,180000062,00112,1994,F,MESA PILOTEO,1994-07-20,"MESA PILOTEO.- PARA COMPUTADORA, MARCA: IMESA, COLOR: BLANCO, MEDIDAS: 1.50 x 0.60 X 0.60 MTS.",000006,10613,1994-07-20,266.75,CD,EP,6. BAJA (INSERVIBLE),S,1,2009-07-01
27,I,180000062,00526,1997,F,MESA PILOTEO,1997-03-04,"MESA PILOTEO.- PARA COMPUTADORA, TIPO ESCRITORIO, MARCA: PRINTAFORM, MODELO: S-261-P, MEDIDAS: 1.05 X 0.45 X 0.74 MTS.",000112,0088,1997-03-04,690.00,CD,EP,6. BAJA (INSERVIBLE),S,1,2012-09-04
28,I,180000062,00527,1997,F,MESA PILOTEO,1997-03-04,"MESA PILOTEO.- PARA COMPUTADORA, TIPO ESCRITORIO, MARCA: PRINTAFORM, MODELO: S-261-P, MEDIDAS: 1.05 X 0.49 X 0.74 MTS.",000112,0088,1997-03-04,690.00,CD,EP,6. BAJA (INSERVIBLE),S,1,2009-07-01
29,I,180000062,00528,1997,F,MESA PILOTEO,1997-03-04,"MESA PILOTEO.- PARA COMPUTADORA, TIPO ESCRITORIO, MARCA: PRINTAFORM, MODELO: S-261-P, MEDIDAS: 1.20 X 0.45 X 0.75 MTS.",000112,0088,1997-03-04,690.00,CD,EP,1. BUENO,S,0,
30,I,180000062,00529,1997,F,MESA PILOTEO,1997-03-04,"MESA PILOTEO.- PARA COMPUTADORA, TIPO ESCRITORIO, MARCA: PRINTAFORM, MODELO: S-261-P, MEDIDAS: 1.05 X 0.49 X 0.74 MTS.",000112,0088,1997-03-04,690.00,CD,EP,6. BAJA (INSERVIBLE),S,1,2012-09-04
31,I,180000062,00530,1997,F,MESA PILOTEO,1997-03-04,"MESA PILOTEO.- PARA COMPUTADORA, TIPO ESCRITORIO, MARCA: PRINTAFORM, MODELO: S-261-P, MEDIDAS: 1.20 X 0.45 X 0.75 MTS.",000112,0088,1997-03-04,690.00,CD,EP,1. BUENO,S,0,
32,I,180000062,00531,1997,F,MESA PILOTEO,1997-03-04,"MESA PILOTEO.- PARA COMPUTADORA, TIPO ESCRITORIO, MARCA: PRINTAFORM, MODELO: S-261-P, MEDIDAS: 1.20 X 0.45 X 0.75 MTS.",000112,0088,1997-03-04,690.00,CD,EP,1. BUENO,S,0,
33,I,180000062,00532,1997,F,MESA PILOTEO,1997-03-04,"MESA PILOTEO.- PARA COMPUTADORA, TIPO ESCRITORIO, MARCA: PRINTAFORM, MODELO: S-261-P, MEDIDAS: 1.20 X 0.45 X 0.75 MTS.",000112,0088,1997-03-04,690.00,CD,EP,1. BUENO,S,0,
34,I,180000062,00533,1997,F,MESA PILOTEO,1997-03-04,"MESA PILOTEO.- PARA COMPUTADORA, TIPO ESCRITORIO, MARCA: PRINTAFORM, MODELO: S-261-P, MEDIDAS: 1.20 X 0.45 X 0.75 MTS.",000112,0088,1997-03-04,690.00,CD,EP,1. BUENO,S,0,
35,I,180000062,00534,1997,F,MESA PILOTEO,1997-03-04,"MESA PILOTEO.- PARA COMPUTADORA, TIPO ESCRITORIO, MARCA: PRINTAFORM, MODELO: S-261-P, MEDIDAS: 1.20 X 0.45 X 0.75 MTS.",000112,0088,1997-03-04,690.00,CD,EP,1. BUENO,S,0,
36,I,180000062,00535,1997,F,MESA PILOTEO,1997-03-04,"MESA PILOTEO.- PARA COMPUTADORA, TIPO ESCRITORIO, MARCA: PRINTAFORM, MODELO: S-261-P, MEDIDAS: 1.20 X 0.45 X 0.75 MTS.",000112,0088,1997-03-04,690.00,CD,EP,1. BUENO,S,0,
37,I,180000114,00022,1997,F,MOUSE (RATON) ACCESORIO DE COMPUTACION,1997-10-09,"MOUSE (RATON) ACCESORIO DE COMPUTACION.- MARCA: ACER, MODELO: GM9601, NUMERO DE SERIE: 97042064, DE 2 BOTONES.",000054,C. DONAC,1997-10-09,462.87,DP,EP,6. BAJA (INSERVIBLE),S,1,2012-09-04
38,I,180000114,00552,1999,F,MOUSE (RATON) ACCESORIO DE COMPUTACION,1999-10-18,"MOUSE (RATON) ACCESORIO DE COMPUTACION.- MARCA: MICROSOFT, MODELO: INTELLIMOUSE 3.0, SER/PS2, AMUMO19, NUMERO DE SERIE: 2440281-10000",000127,13K00292,1999-10-18,477.32,CD,EP,6. BAJA (INSERVIBLE),S,1,2009-07-02
39,I,330000100,00014,1995,F,"REGULADOR CORRIENTE, VOLTAJE Y DE TENSIO",1995-07-27,"REGULADOR CORRIENTE, VOLTAJE Y DE TENSION.- MARCA: SOLA SB, MODELO: PC 500, NUMERO DE SERIE: 95-B",000167,24725-A,1995-07-27,650.00,CD,MA,1. BUENO,S,1,2014-12-15
40,I,420400080,00051,1994,F,CHAROLA (ESTANTE),1994-02-03,"CHAROLA (ESTANTE).- ENTREPAÑO METALIC0 PARA ESTANTERIA, MEDIDAS: 0.30 X 0.85 MTS.",000119,0034,1994-02-03,17.60,CD,MA,6. BAJA (INSERVIBLE),S,1,2012-09-04
41,I,420400080,00052,1994,F,CHAROLA (ESTANTE),1994-02-03,"CHAROLA (ESTANTE).- ENTREPAÑO METALIC0 PARA ESTANTERIA, MEDIDAS: 0.30 X 0.85 MTS.",000119,0034,1994-02-03,17.60,CD,MA,6. BAJA (INSERVIBLE),S,1,2012-09-04
42,I,420400080,00053,1994,F,CHAROLA (ESTANTE),1994-02-03,"CHAROLA (ESTANTE).- ENTREPAÑO METALIC0 PARA ESTANTERIA, MEDIDAS: 0.30 X 0.85 MTS.",000119,0034,1994-02-03,17.60,CD,MA,6. BAJA (INSERVIBLE),S,1,2013-01-08
43,I,420400080,00054,1994,F,CHAROLA (ESTANTE),1994-02-03,"CHAROLA (ESTANTE).- ENTREPAÑO METALIC0 PARA ESTANTERIA, MEDIDAS: 0.30 X 0.85 MTS.",000119,0034,1994-02-03,17.60,CD,MA,6. BAJA (INSERVIBLE),S,1,2013-01-08
44,I,420400080,00055,1994,F,CHAROLA (ESTANTE),1994-02-03,"CHAROLA (ESTANTE).- ENTREPAÑO METALIC0 PARA ESTANTERIA, MEDIDAS: 0.30 X 0.85 MTS.",000119,0034,1994-02-03,17.60,CD,MA,6. BAJA (INSERVIBLE),S,1,2013-01-08
45,I,420400080,00056,1994,F,CHAROLA (ESTANTE),1994-02-03,"CHAROLA (ESTANTE).- ENTREPAÑO METALIC0 PARA ESTANTERIA, MEDIDAS: 0.30 X 0.85 MTS.",000119,0034,1994-02-03,17.60,CD,MA,6. BAJA (INSERVIBLE),S,1,2012-09-04
46,I,420400080,00057,1994,F,CHAROLA (ESTANTE),1994-02-03,"CHAROLA (ESTANTE).- ENTREPAÑO METALIC0 PARA ESTANTERIA, MEDIDAS: 0.30 X 0.85 MTS.",000119,0034,1994-02-03,17.60,CD,MA,6. BAJA (INSERVIBLE),S,1,2013-01-08
47,I,420400080,00058,1994,F,CHAROLA (ESTANTE),1994-02-03,"CHAROLA (ESTANTE).- ENTREPAÑO METALIC0 PARA ESTANTERIA, MEDIDAS: 0.30 X 0.85 MTS.",000119,0034,1994-02-03,17.60,CD,MA,6. BAJA (INSERVIBLE),S,1,2013-01-08
48,I,420400080,00059,1994,F,CHAROLA (ESTANTE),1994-02-03,"CHAROLA (ESTANTE).- ENTREPAÑO METALIC0 PARA ESTANTERIA, MEDIDAS: 0.30 X 0.85 MTS.",000119,0034,1994-02-03,17.60,CD,MA,6. BAJA (INSERVIBLE),S,1,2013-01-08
49,I,420400080,00060,1994,F,CHAROLA (ESTANTE),1994-02-03,"CHAROLA (ESTANTE).- ENTREPAÑO METALIC0 PARA ESTANTERIA, MEDIDAS: 0.30 X 0.85 MTS.",000119,0034,1994-02-03,17.60,CD,MA,6. BAJA (INSERVIBLE),S,1,2013-01-08
50,I,420400080,00062,1994,F,CHAROLA (ESTANTE),1994-02-03,"CHAROLA (ESTANTE).- ENTREPAÑO METALIC0 PARA ESTANTERIA, MEDIDAS: 0.30 X 0.85 MTS.",000119,0034,1994-02-03,17.60,CD,MA,6. BAJA (INSERVIBLE),S,1,2012-09-04
51,I,420400080,00063,1994,F,CHAROLA (ESTANTE),1994-02-03,"CHAROLA (ESTANTE).- ENTREPAÑO METALIC0 PARA ESTANTERIA, MEDIDAS: 0.30 X 0.85 MTS.",000119,0034,1994-02-03,17.60,CD,MA,6. BAJA (INSERVIBLE),S,1,2013-01-08
52,I,420400080,00064,1994,F,CHAROLA (ESTANTE),1994-02-03,"CHAROLA (ESTANTE).- ENTREPAÑO METALIC0 PARA ESTANTERIA, MEDIDAS: 0.30 X 0.85 MTS.",000119,0034,1994-02-03,17.60,CD,MA,6. BAJA (INSERVIBLE),S,1,2012-09-04
53,I,420400080,00065,1994,F,CHAROLA (ESTANTE),1994-02-03,"CHAROLA (ESTANTE).- ENTREPAÑO METALIC0 PARA ESTANTERIA, MEDIDAS: 0.30 X 0.85 MTS.",000119,0034,1994-02-03,17.60,CD,MA,6. BAJA (INSERVIBLE),S,1,2013-01-08
54,I,420400080,00066,1994,F,CHAROLA (ESTANTE),1994-02-03,"CHAROLA (ESTANTE).- ENTREPAÑO METALIC0 PARA ESTANTERIA, MEDIDAS: 0.30 X 0.85 MTS.",000119,0034,1994-02-03,17.60,CD,MA,6. BAJA (INSERVIBLE),S,1,2013-01-08
55,I,420400080,00067,1994,F,CHAROLA (ESTANTE),1994-02-03,"CHAROLA (ESTANTE).- ENTREPAÑO METALIC0 PARA ESTANTERIA, MEDIDAS: 0.30 X 0.85 MTS.",000119,0034,1994-02-03,17.60,CD,MA,6. BAJA (INSERVIBLE),S,1,2013-01-08
56,I,420400080,00068,1994,F,CHAROLA (ESTANTE),1994-02-03,"CHAROLA (ESTANTE).- ENTREPAÑO METALIC0 PARA ESTANTERIA, MEDIDAS: 0.30 X 0.85 MTS.",000119,0034,1994-02-03,17.60,CD,MA,6. BAJA (INSERVIBLE),S,1,2013-01-08
57,I,420400080,00069,1994,F,CHAROLA (ESTANTE),1994-02-03,"CHAROLA (ESTANTE).- ENTREPAÑO METALIC0 PARA ESTANTERIA, MEDIDAS: 0.30 X 0.85 MTS.",000119,0034,1994-02-03,17.60,CD,MA,6. BAJA (INSERVIBLE),S,1,2013-01-08
58,I,420400080,00070,1994,F,CHAROLA (ESTANTE),1994-02-03,"CHAROLA (ESTANTE).- ENTREPAÑO METALIC0 PARA ESTANTERIA, MEDIDAS: 0.30 X 0.85 MTS.",000119,0034,1994-02-03,17.60,CD,MA,6. BAJA (INSERVIBLE),S,1,2013-01-08
59,I,420400080,00071,1994,F,CHAROLA (ESTANTE),1994-02-03,"CHAROLA (ESTANTE).- ENTREPAÑO METALIC0 PARA ESTANTERIA, MEDIDAS: 0.30 X 0.85 MTS.",000119,0034,1994-02-03,17.60,CD,MA,6. BAJA (INSERVIBLE),S,1,2013-01-08
60,I,420400080,00072,1994,F,CHAROLA (ESTANTE),1994-02-03,"CHAROLA (ESTANTE).- ENTREPAÑO METALIC0 PARA ESTANTERIA, MEDIDAS: 0.30 X 0.85 MTS.",000119,0034,1994-02-03,17.60,CD,MA,6. BAJA (INSERVIBLE),S,1,2013-01-08
61,I,420400080,00073,1994,F,CHAROLA (ESTANTE),1994-02-03,"CHAROLA (ESTANTE).- ENTREPAÑO METALIC0 PARA ESTANTERIA, MEDIDAS: 0.30 X 0.85 MTS.",000119,0034,1994-02-03,17.60,CD,MA,6. BAJA (INSERVIBLE),S,1,2013-01-08
62,I,420400080,00075,1994,F,CHAROLA (ESTANTE),1994-02-03,"CHAROLA (ESTANTE).- ENTREPAÑO METALIC0 PARA ESTANTERIA, MEDIDAS: 0.30 X 0.85 MTS.",000119,0034,1994-02-03,17.60,CD,MA,6. BAJA (INSERVIBLE),S,1,2013-01-08
63,I,420400080,00077,1994,F,CHAROLA (ESTANTE),1994-02-03,"CHAROLA (ESTANTE).- ENTREPAÑO METALIC0 PARA ESTANTERIA, MEDIDAS: 0.30 X 0.85 MTS.",000119,0034,1994-02-03,17.60,CD,MA,6. BAJA (INSERVIBLE),S,1,2013-01-08
64,I,420400080,00078,1994,F,CHAROLA (ESTANTE),1994-02-03,"CHAROLA (ESTANTE).- ENTREPAÑO METALIC0 PARA ESTANTERIA, MEDIDAS: 0.30 X 0.85 MTS.",000119,0034,1994-02-03,17.60,CD,MA,6. BAJA (INSERVIBLE),S,1,2013-01-08
65,I,420400080,00079,1994,F,CHAROLA (ESTANTE),1994-02-03,"CHAROLA (ESTANTE).- ENTREPAÑO METALIC0 PARA ESTANTERIA, MEDIDAS: 0.30 X 0.85 MTS.",000119,0034,1994-02-03,17.60,CD,MA,6. BAJA (INSERVIBLE),S,1,2013-01-08
66,I,420400080,00080,1994,F,CHAROLA (ESTANTE),1994-02-03,"CHAROLA (ESTANTE).- ENTREPAÑO METALIC0 PARA ESTANTERIA, MEDIDAS: 0.30 X 0.85 MTS.",000119,0034,1994-02-03,17.60,CD,MA,6. BAJA (INSERVIBLE),S,1,2013-01-08
67,I,420400080,00081,1994,F,CHAROLA (ESTANTE),1994-02-03,"CHAROLA (ESTANTE).- ENTREPAÑO METALIC0 PARA ESTANTERIA, MEDIDAS: 0.30 X 0.85 MTS.",000119,0034,1994-02-03,17.60,CD,MA,6. BAJA (INSERVIBLE),S,1,2013-01-08
68,I,420400080,00082,1994,F,CHAROLA (ESTANTE),1994-02-03,"CHAROLA (ESTANTE).- ENTREPAÑO METALIC0 PARA ESTANTERIA, MEDIDAS: 0.30 X 0.85 MTS.",000119,0034,1994-02-03,17.60,CD,MA,6. BAJA (INSERVIBLE),S,1,2013-01-08
69,I,420400080,00083,1994,F,CHAROLA (ESTANTE),1994-02-03,"CHAROLA (ESTANTE).- ENTREPAÑO METALIC0 PARA ESTANTERIA, MEDIDAS: 0.30 X 0.85 MTS.",000119,0034,1994-02-03,17.60,CD,MA,6. BAJA (INSERVIBLE),S,1,2013-01-08
70,I,420400080,00084,1994,F,CHAROLA (ESTANTE),1994-02-03,"CHAROLA (ESTANTE).- ENTREPAÑO METALIC0 PARA ESTANTERIA, MEDIDAS: 0.30 X 0.85 MTS.",000119,0034,1994-02-03,17.60,CD,MA,6. BAJA (INSERVIBLE),S,1,2013-01-08
71,I,420400080,00085,1994,F,CHAROLA (ESTANTE),1994-02-03,"CHAROLA (ESTANTE).- ENTREPAÑO METALIC0 PARA ESTANTERIA, MEDIDAS: 0.30 X 0.85 MTS.",000119,0034,1994-02-03,17.60,CD,MA,6. BAJA (INSERVIBLE),S,1,2013-01-08
72,I,420400080,00086,1994,F,CHAROLA (ESTANTE),1994-02-03,"CHAROLA (ESTANTE).- ENTREPAÑO METALIC0 PARA ESTANTERIA, MEDIDAS: 0.30 X 0.85 MTS.",000119,0034,1994-02-03,17.60,CD,MA,6. BAJA (INSERVIBLE),S,1,2013-01-08
73,I,420400080,00087,1994,F,CHAROLA (ESTANTE),1994-02-03,"CHAROLA (ESTANTE).- ENTREPAÑO METALIC0 PARA ESTANTERIA, MEDIDAS: 0.30 X 0.85 MTS.",000119,0034,1994-02-03,17.60,CD,MA,6. BAJA (INSERVIBLE),S,1,2013-01-08
74,I,420400080,00088,1994,F,CHAROLA (ESTANTE),1994-02-03,"CHAROLA (ESTANTE).- ENTREPAÑO METALIC0 PARA ESTANTERIA, MEDIDAS: 0.30 X 0.85 MTS.",000119,0034,1994-02-03,17.60,CD,MA,6. BAJA (INSERVIBLE),S,1,2013-01-08
75,I,420400080,00089,1994,F,CHAROLA (ESTANTE),1994-02-03,"CHAROLA (ESTANTE).- ENTREPAÑO METALIC0 PARA ESTANTERIA, MEDIDAS: 0.30 X 0.85 MTS.",000119,0034,1994-02-03,17.60,CD,MA,6. BAJA (INSERVIBLE),S,1,2013-01-08
76,I,420400080,00139,1982,F,CHAROLA (ESTANTE),1982-11-24,"CHAROLA (ESTANTE).- METALICA, PARA ESTANTERIA, MEDIDAS: 0.91 X 0.45 MTS.",000004,2970,1982-11-24,0.40,CD,MA,1. BUENO,S,1,2013-07-08
77,I,420400080,00140,1982,F,CHAROLA (ESTANTE),1982-11-24,"CHAROLA (ESTANTE).- METALICA, PARA ESTANTERIA, MEDIDAS: 0.91 X 0.45 MTS.",000004,2970,1982-11-24,0.40,CD,MA,1. BUENO,S,1,2013-07-08
78,I,420400080,00141,1982,F,CHAROLA (ESTANTE),1982-11-24,"CHAROLA (ESTANTE).- METALICA, PARA ESTANTERIA, MEDIDAS: 0.91 X 0.45 MTS.",000004,2970,1982-11-24,0.40,CD,MA,1. BUENO,S,1,2013-07-08
79,I,420400080,00142,1982,F,CHAROLA (ESTANTE),1982-11-24,"CHAROLA (ESTANTE).- METALICA, PARA ESTANTERIA, MEDIDAS: 0.91 X 0.45 MTS.",000004,2970,1982-11-24,0.40,CD,MA,1. BUENO,S,1,2013-07-08
80,I,420400080,00143,1982,F,CHAROLA (ESTANTE),1982-11-24,"CHAROLA (ESTANTE).- METALICA, PARA ESTANTERIA, MEDIDAS: 0.91 X 0.45 MTS.",000004,2970,1982-11-24,0.40,CD,MA,1. BUENO,S,1,2013-07-08
81,I,420400080,00145,1982,F,CHAROLA (ESTANTE),1982-11-24,"CHAROLA (ESTANTE).- METALICA, PARA ESTANTERIA, MEDIDAS: 0.91 X 0.45 MTS.",000004,2970,1982-11-24,0.40,CD,MA,6. BAJA (INSERVIBLE),S,1,2013-01-08
82,I,420400080,00146,1982,F,CHAROLA (ESTANTE),1982-11-24,"CHAROLA (ESTANTE).- METALICA, PARA ESTANTERIA, MEDIDAS: 0.91 X 0.45 MTS.",000004,2970,1982-11-24,0.40,CD,MA,6. BAJA (INSERVIBLE),S,1,2013-01-08
83,I,420400080,00147,1982,F,CHAROLA (ESTANTE),1982-11-24,"CHAROLA (ESTANTE).- METALICA, PARA ESTANTERIA, MEDIDAS: 0.91 X 0.45 MTS.",000004,2970,1982-11-24,0.40,CD,MA,6. BAJA (INSERVIBLE),S,1,2013-01-08
84,I,420400080,00148,1982,F,CHAROLA (ESTANTE),1982-11-24,"CHAROLA (ESTANTE).- METALICA, PARA ESTANTERIA, MEDIDAS: 0.91 X 0.45 MTS.",000004,2970,1982-11-24,0.40,CD,MA,6. BAJA (INSERVIBLE),S,1,2013-01-08
85,I,420400080,00149,1982,F,CHAROLA (ESTANTE),1982-11-24,"CHAROLA (ESTANTE).- METALICA, PARA ESTANTERIA, MEDIDAS: 0.91 X 0.45 MTS.",000004,2970,1982-11-24,0.40,CD,MA,6. BAJA (INSERVIBLE),S,1,2013-01-08
86,I,420400080,00150,1982,F,CHAROLA (ESTANTE),1982-11-24,"CHAROLA (ESTANTE).- METALICA, PARA ESTANTERIA, MEDIDAS: 0.91 X 0.45 MTS.",000004,2970,1982-11-24,0.40,CD,MA,1. BUENO,S,1,2013-07-08
87,I,420400080,00151,1982,F,CHAROLA (ESTANTE),1982-11-24,"CHAROLA (ESTANTE).- METALICA, PARA ESTANTERIA, MEDIDAS: 0.91 X 0.45 MTS.",000004,2970,1982-11-24,0.40,CD,MA,1. BUENO,S,1,2013-07-08
88,I,420400080,00152,1982,F,CHAROLA (ESTANTE),1982-11-24,"CHAROLA (ESTANTE).- METALICA, PARA ESTANTERIA, MEDIDAS: 0.91 X 0.45 MTS.",000004,2970,1982-11-24,0.40,CD,MA,1. BUENO,S,1,2013-07-08
89,I,420400080,00153,1982,F,CHAROLA (ESTANTE),1982-11-24,"CHAROLA (ESTANTE).- METALICA, PARA ESTANTERIA, MEDIDAS: 0.91 X 0.45 MTS.",000004,2970,1982-11-24,0.40,CD,MA,1. BUENO,S,1,2013-07-08
90,I,420400080,00155,1982,F,CHAROLA (ESTANTE),1982-11-24,"CHAROLA (ESTANTE).- METALICA, PARA ESTANTERIA, MEDIDAS: 0.91 X 0.45 MTS.",000004,2970,1982-11-24,0.40,CD,MA,1. BUENO,S,1,2013-07-08
91,I,420400080,00156,1982,F,CHAROLA (ESTANTE),1982-11-24,"CHAROLA (ESTANTE).- METALICA, PARA ESTANTERIA, MEDIDAS: 0.91 X 0.45 MTS.",000004,2970,1982-11-24,0.40,CD,MA,1. BUENO,S,1,2013-07-08
92,I,420400080,00158,1982,F,CHAROLA (ESTANTE),1982-11-24,"CHAROLA (ESTANTE).- METALICA, PARA ESTANTERIA, MEDIDAS: 0.91 X 0.45 MTS.",000004,2970,1982-11-24,0.40,CD,MA,1. BUENO,S,1,2013-07-08
93,I,420400080,00159,1982,F,CHAROLA (ESTANTE),1982-11-24,"CHAROLA (ESTANTE).- METALICA, PARA ESTANTERIA, MEDIDAS: 0.91 X 0.45 MTS.",000004,2970,1982-11-24,0.40,CD,MA,1. BUENO,S,1,2013-07-08
94,I,420400080,00161,1982,F,CHAROLA (ESTANTE),1982-11-24,"CHAROLA (ESTANTE).- METALICA, PARA ESTANTERIA, MEDIDAS: 0.91 X 0.45 MTS.",000004,2970,1982-11-24,0.40,CD,MA,1. BUENO,S,1,2013-07-08
95,I,420400080,00162,1982,F,CHAROLA (ESTANTE),1982-11-24,"CHAROLA (ESTANTE).- METALICA, PARA ESTANTERIA, MEDIDAS: 0.91 X 0.45 MTS.",000004,2970,1982-11-24,0.40,CD,MA,1. BUENO,S,1,2013-07-08
96,I,420400080,00163,1982,F,CHAROLA (ESTANTE),1982-11-24,"CHAROLA (ESTANTE).- METALICA, PARA ESTANTERIA, MEDIDAS: 0.91 X 0.45 MTS.",000004,2970,1982-11-24,0.40,CD,MA,1. BUENO,S,1,2013-07-08
97,I,420400080,00164,1982,F,CHAROLA (ESTANTE),1982-11-24,"CHAROLA (ESTANTE).- METALICA, PARA ESTANTERIA, MEDIDAS: 0.91 X 0.45 MTS.",000004,2970,1982-11-24,0.40,CD,MA,1. BUENO,S,1,2013-07-08
98,I,420400080,00166,1982,F,CHAROLA (ESTANTE),1982-11-24,"CHAROLA (ESTANTE).- METALICA, PARA ESTANTERIA, MEDIDAS: 0.91 X 0.45 MTS.",000004,2970,1982-11-24,0.40,CD,MA,1. BUENO,S,1,2013-07-08
99,I,420400080,00167,1982,F,CHAROLA (ESTANTE),1982-11-24,"CHAROLA (ESTANTE).- METALICA, PARA ESTANTERIA, MEDIDAS: 0.91 X 0.45 MTS.",000004,2970,1982-11-24,0.40,CD,MA,1. BUENO,S,1,2013-07-08
100,I,420400080,00168,1982,F,CHAROLA (ESTANTE),1982-11-24,"CHAROLA (ESTANTE).- METALICA, PARA ESTANTERIA, MEDIDAS: 0.91 X 0.45 MTS.",000004,2970,1982-11-24,0.40,CD,MA,1. BUENO,S,1,2013-07-08
101,I,420400080,00169,1982,F,CHAROLA (ESTANTE),1982-11-24,"CHAROLA (ESTANTE).- METALICA, PARA ESTANTERIA, MEDIDAS: 0.91 X 0.45 MTS.",000004,2970,1982-11-24,0.40,CD,MA,1. BUENO,S,1,2013-07-08
102,I,420400080,00170,1982,F,CHAROLA (ESTANTE),1982-11-24,"CHAROLA (ESTANTE).- METALICA, PARA ESTANTERIA, MEDIDAS: 0.91 X 0.45 MTS.",000004,2970,1982-11-24,0.40,CD,MA,1. BUENO,S,1,2013-07-08
103,I,420400080,00171,1982,F,CHAROLA (ESTANTE),1982-11-24,"CHAROLA (ESTANTE).- METALICA, PARA ESTANTERIA, MEDIDAS: 0.91 X 0.45 MTS.",000004,2970,1982-11-24,0.40,CD,MA,1. BUENO,S,1,2013-07-08
104,I,420400080,00172,1982,F,CHAROLA (ESTANTE),1982-11-24,"CHAROLA (ESTANTE).- METALICA, PARA ESTANTERIA, MEDIDAS: 0.91 X 0.45 MTS.",000004,2970,1982-11-24,0.40,CD,MA,1. BUENO,S,1,2013-07-08
105,I,420400080,00173,1982,F,CHAROLA (ESTANTE),1982-11-24,"CHAROLA (ESTANTE).- METALICA, PARA ESTANTERIA, MEDIDAS: 0.91 X 0.45 MTS.",000004,2970,1982-11-24,0.40,CD,MA,1. BUENO,S,1,2013-07-08
106,I,420400080,00174,1982,F,CHAROLA (ESTANTE),1982-11-24,"CHAROLA (ESTANTE).- METALICA, PARA ESTANTERIA, MEDIDAS: 0.91 X 0.45 MTS.",000004,2970,1982-11-24,0.40,CD,MA,1. BUENO,S,1,2013-07-08
107,I,420400080,00175,1982,F,CHAROLA (ESTANTE),1982-11-24,"CHAROLA (ESTANTE).- METALICA, PARA ESTANTERIA, MEDIDAS: 0.91 X 0.45 MTS.",000004,2970,1982-11-24,0.40,CD,MA,1. BUENO,S,1,2013-07-08
108,I,420400080,00176,1982,F,CHAROLA (ESTANTE),1982-11-24,"CHAROLA (ESTANTE).- METALICA, PARA ESTANTERIA, MEDIDAS: 0.91 X 0.45 MTS.",000004,2970,1982-11-24,0.40,CD,MA,1. BUENO,S,1,2013-07-08
109,I,420400080,00268,1982,F,CHAROLA (ESTANTE),1982-09-09,"CHAROLA (ESTANTE).- METALICA, PARA ESTANTERIA, MARCA: REMINGTON, MEDIDAS: 0.45 X 0.91 MTS.",000004,2790,1982-09-09,0.60,CD,MA,1. BUENO,S,1,2013-07-08
110,I,420400080,00269,1982,F,CHAROLA (ESTANTE),1982-09-09,"CHAROLA (ESTANTE).- METALICA, PARA ESTANTERIA, MARCA: REMINGTON, MEDIDAS: 0.45 X 0.91 MTS.",000004,2790,1982-09-09,0.60,CD,MA,1. BUENO,S,1,2013-07-08
111,I,420400080,00270,1982,F,CHAROLA (ESTANTE),1982-09-09,"CHAROLA (ESTANTE).- METALICA, PARA ESTANTERIA, MARCA: REMINGTON, MEDIDAS: 0.45 X 0.91 MTS.",000004,2790,1982-09-09,0.60,CD,MA,1. BUENO,S,1,2013-07-08
112,I,420400080,00271,1982,F,CHAROLA (ESTANTE),1982-09-09,"CHAROLA (ESTANTE).- METALICA, PARA ESTANTERIA, MARCA: REMINGTON, MEDIDAS: 0.45 X 0.91 MTS.",000004,2790,1982-09-09,0.60,CD,MA,1. BUENO,S,1,2013-07-08
113,I,420400080,00272,1982,F,CHAROLA (ESTANTE),1982-09-09,"CHAROLA (ESTANTE).- METALICA, PARA ESTANTERIA, MARCA: REMINGTON, MEDIDAS: 0.45 X 0.91 MTS.",000004,2790,1982-09-09,0.60,CD,MA,1. BUENO,S,1,2013-07-08
114,I,420400080,00273,1982,F,CHAROLA (ESTANTE),1982-09-09,"CHAROLA (ESTANTE).- METALICA, PARA ESTANTERIA, MARCA: REMINGTON, MEDIDAS: 0.45 X 0.91 MTS.",000004,2790,1982-09-09,0.60,CD,MA,1. BUENO,S,1,2013-07-08
115,I,420400080,00274,1982,F,CHAROLA (ESTANTE),1982-09-09,"CHAROLA (ESTANTE).- METALICA, PARA ESTANTERIA, MARCA: REMINGTON, MEDIDAS: 0.45 X 0.91 MTS.",000004,2790,1982-09-09,0.60,CD,MA,1. BUENO,S,1,2013-07-08
116,I,420400080,00275,1982,F,CHAROLA (ESTANTE),1982-09-09,"CHAROLA (ESTANTE).- METALICA, PARA ESTANTERIA, MARCA: REMINGTON, MEDIDAS: 0.45 X 0.91 MTS.",000004,2790,1982-09-09,0.60,CD,MA,1. BUENO,S,1,2013-07-08
117,I,420400080,00276,1982,F,CHAROLA (ESTANTE),1982-09-09,"CHAROLA (ESTANTE).- METALICA, PARA ESTANTERIA, MARCA: REMINGTON, MEDIDAS: 0.45 X 0.91 MTS.",000004,2790,1982-09-09,0.60,CD,MA,6. BAJA (INSERVIBLE),S,1,2009-07-02
118,I,420400080,00277,1982,F,CHAROLA (ESTANTE),1982-09-09,"CHAROLA (ESTANTE).- METALICA, PARA ESTANTERIA, MARCA: REMINGTON, MEDIDAS: 0.45 X 0.91 MTS.",000004,2790,1982-09-09,0.60,CD,MA,1. BUENO,S,1,2013-07-08
119,I,420400080,00278,1982,F,CHAROLA (ESTANTE),1982-09-09,"CHAROLA (ESTANTE).- METALICA, PARA ESTANTERIA, MARCA: REMINGTON, MEDIDAS: 0.45 X 0.91 MTS.",000004,2790,1982-09-09,0.60,CD,MA,1. BUENO,S,1,2013-07-08
120,I,420400080,00396,1982,F,CHAROLA (ESTANTE),1982-09-09,"CHAROLA (ESTANTE).- METALICA, PARA ESTANTERIA, MARCA: REMINGTON, MEDIDAS: 0.45 X 0.91 MTS.",000593,C. DONAC,1982-09-09,0.60,CD,MA,1. BUENO,S,1,2013-07-08
121,I,420400080,00397,1982,F,CHAROLA (ESTANTE),1982-09-09,"CHAROLA (ESTANTE).- METALICA, PARA ESTANTERIA, MARCA: REMINGTON, MEDIDAS: 0.45 X 0.91 MTS.",000593,C. DONAC,1982-09-09,0.60,CD,MA,1. BUENO,S,1,2013-07-08
122,I,420400080,00398,1982,F,CHAROLA (ESTANTE),1982-09-09,"CHAROLA (ESTANTE).- METALICA, PARA ESTANTERIA, MARCA: REMINGTON, MEDIDAS: 0.45 X 0.91 MTS.",000004,2790,1982-09-09,0.60,CD,MA,1. BUENO,S,1,2013-07-08
123,I,420400080,00399,1982,F,CHAROLA (ESTANTE),1982-09-09,"CHAROLA (ESTANTE).- METALICA, PARA ESTANTERIA, MARCA: REMINGTON, MEDIDAS: 0.45 X 0.91 MTS.",000004,2790,1982-09-09,0.60,CD,MA,1. BUENO,S,1,2013-07-08
124,I,420400408,00025,1994,F,POSTE (ESTANTE),1994-02-03,"POSTE (ESTANTE).- METALICO PARA ESTANTERIA, MEDIDA: 2.20 MTS.",000119,0034,1994-02-03,19.80,CD,MA,6. BAJA (INSERVIBLE),S,1,2013-01-08
125,I,420400408,00026,1994,F,POSTE (ESTANTE),1994-02-03,"POSTE (ESTANTE).- METALICO PARA ESTANTERIA, MEDIDA: 2.20 MTS.",000119,0034,1994-02-03,19.80,CD,MA,6. BAJA (INSERVIBLE),S,1,2013-01-08
126,I,420400408,00027,1994,F,POSTE (ESTANTE),1994-02-03,"POSTE (ESTANTE).- METALICO PARA ESTANTERIA, MEDIDA: 2.20 MTS.",000119,0034,1994-02-03,19.80,CD,MA,6. BAJA (INSERVIBLE),S,1,2013-01-08
127,I,420400408,00028,1994,F,POSTE (ESTANTE),1994-02-03,"POSTE (ESTANTE).- METALICO PARA ESTANTERIA, MEDIDA: 2.20 MTS.",000119,0034,1994-02-03,19.80,CD,MA,6. BAJA (INSERVIBLE),S,1,2013-01-08
128,I,420400408,00029,1994,F,POSTE (ESTANTE),1994-02-03,"POSTE (ESTANTE).- METALICO PARA ESTANTERIA, MEDIDA: 2.20 MTS.",000119,0034,1994-02-03,19.80,CD,MA,6. BAJA (INSERVIBLE),S,1,2013-01-08
129,I,420400408,00030,1994,F,POSTE (ESTANTE),1994-02-03,"POSTE (ESTANTE).- METALICO PARA ESTANTERIA, MEDIDA: 2.20 MTS.",000119,0034,1994-02-03,19.80,CD,MA,6. BAJA (INSERVIBLE),S,1,2012-09-04
130,I,420400408,00031,1994,F,POSTE (ESTANTE),1994-02-03,"POSTE (ESTANTE).- METALICO PARA ESTANTERIA, MEDIDA: 2.20 MTS.",000119,0034,1994-02-03,19.80,CD,MA,6. BAJA (INSERVIBLE),S,1,2013-01-08
131,I,420400408,00032,1994,F,POSTE (ESTANTE),1994-02-03,"POSTE (ESTANTE).- METALICO PARA ESTANTERIA, MEDIDA: 2.20 MTS.",000119,0034,1994-02-03,19.80,CD,MA,6. BAJA (INSERVIBLE),S,1,2013-01-08
132,I,420400408,00033,1994,F,POSTE (ESTANTE),1994-02-03,"POSTE (ESTANTE).- METALICO PARA ESTANTERIA, MEDIDA: 2.20 MTS.",000119,0034,1994-02-03,19.80,CD,MA,6. BAJA (INSERVIBLE),S,1,2013-01-08
133,I,420400408,00034,1994,F,POSTE (ESTANTE),1994-02-03,"POSTE (ESTANTE).- METALICO PARA ESTANTERIA, MEDIDA: 2.20 MTS.",000119,0034,1994-02-03,19.80,CD,MA,6. BAJA (INSERVIBLE),S,1,2013-01-08
134,I,420400408,00035,1994,F,POSTE (ESTANTE),1994-02-03,"POSTE (ESTANTE).- METALICO PARA ESTANTERIA, MEDIDA: 2.20 MTS.",000119,0034,1994-02-03,19.80,CD,MA,6. BAJA (INSERVIBLE),S,1,2013-01-08
135,I,420400408,00036,1994,F,POSTE (ESTANTE),1994-02-03,"POSTE (ESTANTE).- METALICO PARA ESTANTERIA, MEDIDA: 2.20 MTS.",000119,0034,1994-02-03,19.80,CD,MA,6. BAJA (INSERVIBLE),S,1,2013-01-08
136,I,420400408,00037,1994,F,POSTE (ESTANTE),1994-02-03,"POSTE (ESTANTE).- METALICO PARA ESTANTERIA, MEDIDA: 2.20 MTS.",000119,0034,1994-02-03,19.80,CD,MA,6. BAJA (INSERVIBLE),S,1,2013-01-08
137,I,420400408,00038,1994,F,POSTE (ESTANTE),1994-02-03,"POSTE (ESTANTE).- METALICO PARA ESTANTERIA, MEDIDA: 2.20 MTS.",000119,0034,1994-02-03,19.80,CD,MA,6. BAJA (INSERVIBLE),S,1,2012-09-04
138,I,420400408,00039,1994,F,POSTE (ESTANTE),1994-02-03,"POSTE (ESTANTE).- METALICO PARA ESTANTERIA, MEDIDA: 2.20 MTS.",000119,0034,1994-02-03,19.80,CD,MA,6. BAJA (INSERVIBLE),S,1,2013-01-08
139,I,420400408,00040,1994,F,POSTE (ESTANTE),1994-02-03,"POSTE (ESTANTE).- METALICO PARA ESTANTERIA, MEDIDA: 2.20 MTS.",000119,0034,1994-02-03,19.80,CD,MA,6. BAJA (INSERVIBLE),S,1,2014-12-03
140,I,420400408,00041,1994,F,POSTE (ESTANTE),1994-02-03,"POSTE (ESTANTE).- METALICO PARA ESTANTERIA, MEDIDA: 2.20 MTS.",000119,0034,1994-02-03,19.80,CD,MA,6. BAJA (INSERVIBLE),S,1,2014-12-03
141,I,420400408,00042,1994,F,POSTE (ESTANTE),1994-02-03,"POSTE (ESTANTE).- METALICO PARA ESTANTERIA, MEDIDA: 2.20 MTS.",000119,0034,1994-02-03,19.80,CD,MA,6. BAJA (INSERVIBLE),S,1,2013-01-08
142,I,420400408,00043,1994,F,POSTE (ESTANTE),1994-02-03,"POSTE (ESTANTE).- METALICO PARA ESTANTERIA, MEDIDA: 2.20 MTS.",000119,0034,1994-02-03,19.80,CD,MA,6. BAJA (INSERVIBLE),S,1,2013-01-08
143,I,420400408,00044,1994,F,POSTE (ESTANTE),1994-02-03,"POSTE (ESTANTE).- METALICO PARA ESTANTERIA, MEDIDA: 2.20 MTS.",000119,0034,1994-02-03,19.80,CD,MA,6. BAJA (INSERVIBLE),S,1,2012-09-04
144,I,420400408,00094,1982,F,POSTE (ESTANTE),1982-11-24,"POSTE (ESTANTE).- METALICO, PARA ESTANTERIA, MEDIDA: 2.21 MTS.",000004,2970,1982-11-24,0.30,CD,MA,6. BAJA (INSERVIBLE),S,1,2014-12-03
145,I,420400408,00095,1982,F,POSTE (ESTANTE),1982-11-24,"POSTE (ESTANTE).- METALICO, PARA ESTANTERIA, MEDIDA: 2.21 MTS.",000004,2970,1982-11-24,0.30,CD,MA,6. BAJA (INSERVIBLE),S,1,2014-12-03
146,I,420400408,00096,1982,F,POSTE (ESTANTE),1982-11-24,"POSTE (ESTANTE).- METALICO, PARA ESTANTERIA, MEDIDA: 2.21 MTS.",000004,2970,1982-11-24,0.30,CD,MA,6. BAJA (INSERVIBLE),S,1,2013-01-08
147,I,420400408,00097,1982,F,POSTE (ESTANTE),1982-11-24,"POSTE (ESTANTE).- METALICO, PARA ESTANTERIA, MEDIDA: 2.21 MTS.",000004,2970,1982-11-24,0.30,CD,MA,6. BAJA (INSERVIBLE),S,1,2013-01-08
148,I,420400408,00098,1982,F,POSTE (ESTANTE),1982-11-24,"POSTE (ESTANTE).- METALICO, PARA ESTANTERIA, MEDIDA: 2.21 MTS.",000004,2970,1982-11-24,0.30,CD,MA,6. BAJA (INSERVIBLE),S,1,2013-01-08
149,I,420400408,00099,1982,F,POSTE (ESTANTE),1982-11-24,"POSTE (ESTANTE).- METALICO, PARA ESTANTERIA, MEDIDA: 2.21 MTS.",000004,2970,1982-11-24,0.30,CD,MA,6. BAJA (INSERVIBLE),S,1,2013-01-08
150,I,420400408,00100,1982,F,POSTE (ESTANTE),1982-11-24,"POSTE (ESTANTE).- METALICO, PARA ESTANTERIA, MEDIDA: 2.21 MTS.",000004,2970,1982-11-24,0.30,CD,MA,6. BAJA (INSERVIBLE),S,1,2014-12-03
151,I,420400408,00101,1982,F,POSTE (ESTANTE),1982-11-24,"POSTE (ESTANTE).- METALICO, PARA ESTANTERIA, MEDIDA: 2.21 MTS.",000004,2970,1982-11-24,0.30,CD,MA,6. BAJA (INSERVIBLE),S,1,2014-12-03
152,I,420400408,00102,1982,F,POSTE (ESTANTE),1982-11-24,"POSTE (ESTANTE).- METALICO, PARA ESTANTERIA, MEDIDA: 2.21 MTS.",000004,2970,1982-11-24,0.30,CD,MA,6. BAJA (INSERVIBLE),S,1,2013-01-08
153,I,420400408,00103,1982,F,POSTE (ESTANTE),1982-11-24,"POSTE (ESTANTE).- METALICO, PARA ESTANTERIA, MEDIDA: 2.21 MTS.",000004,2970,1982-11-24,0.30,CD,MA,6. BAJA (INSERVIBLE),S,1,2014-12-03
154,I,420400408,00104,1982,F,POSTE (ESTANTE),1982-11-24,"POSTE (ESTANTE).- METALICO, PARA ESTANTERIA, MEDIDA: 2.21 MTS.",000004,2970,1982-11-24,0.30,CD,MA,1. BUENO,S,0,
155,I,420400408,00156,1982,F,POSTE (ESTANTE),1982-09-09,"POSTE (ESTANTE).- METALICO, PARA ESTANTERIA, MARCA: REMINGTON, MEDIDA: 1.80 MTS.",000004,2790,1982-09-09,0.30,CD,MA,6. BAJA (INSERVIBLE),S,1,2014-07-01
156,I,420400408,00158,1982,F,POSTE (ESTANTE),1982-09-09,"POSTE (ESTANTE).- METALICO, PARA ESTANTERIA, MARCA: REMINGTON, MEDIDA: 1.80 MTS.",000004,2790,1982-09-09,0.30,CD,MA,6. BAJA (INSERVIBLE),S,1,2014-07-01
157,I,420400408,00159,1982,F,POSTE (ESTANTE),1982-09-09,"POSTE (ESTANTE).- METALICO, PARA ESTANTERIA, MARCA: REMINGTON, MEDIDA: 1.80 MTS.",000004,2790,1982-09-09,0.30,CD,MA,6. BAJA (INSERVIBLE),S,1,2014-07-01
158,I,420400408,00160,1982,F,POSTE (ESTANTE),1982-09-09,"POSTE (ESTANTE).- METALICO, PARA ESTANTERIA, MARCA: REMINGTON, MEDIDA: 1.80 MTS.",000004,2790,1982-09-09,0.30,CD,MA,6. BAJA (INSERVIBLE),S,1,2014-07-01
159,I,420400408,00161,1982,F,POSTE (ESTANTE),1982-09-09,"POSTE (ESTANTE).- METALICO, PARA ESTANTERIA, MARCA: REMINGTON, MEDIDA: 1.80 MTS.",000004,2790,1982-09-09,0.30,CD,MA,6. BAJA (INSERVIBLE),S,1,2014-12-03
160,I,420400408,00162,1982,F,POSTE (ESTANTE),1982-09-09,"POSTE (ESTANTE).- METALICO, PARA ESTANTERIA, MARCA: REMINGTON, MEDIDA: 1.80 MTS.",000004,2790,1982-09-09,0.30,CD,MA,6. BAJA (INSERVIBLE),S,1,2014-12-03
161,I,450400002,00003,1996,F,ACONDICIONADOR AIRE,1996-06-07,"ACONDICIONADOR AIRE.- MARCA: FREYVEN, SIN MODELO, NUMERO DE SERIE: S-225",000593,AB021181,1996-06-07,"5,110.00",DP,MO,1. BUENO,S,1,2014-12-15
162,I,450400002,00003,1997,F,ACONDICIONADOR AIRE,1997-09-30,"ACONDICIONADOR AIRE.- MARCA: CARRIER, TIPO MINISPLIT, CAPACIDAD DE 96 ENFRIAMIENTO BTU/HORA DE 14,000, DE 220/160 V VOLTS/FASE/CICLOS, NUMERO DE SERIE: 997N59676",000077,JC-76979,1997-09-30,"5,485.00",CD,MO,6. BAJA (INSERVIBLE),S,1,2013-10-25
163,I,450400002,00004,1996,F,ACONDICIONADOR AIRE,1996-06-10,"ACONDICIONADOR AIRE.- MARCA: FREYVEN, SIN MODELO, NUMERO DE SERIE: S-118",000078,0-047206,1996-06-10,"4,577.00",CD,MO,1. BUENO,S,1,2014-12-15
164,I,450400016,00039,1994,F,ARCHIVERO DE METAL,1994-07-07,"ARCHIVERO DE METAL.- COLOR: ARENA, CON 3 GAVETAS, TAMAÑO: OFICIO, MEDIDAS: 0.50 X 0.66 X 0.96 MTS.",000004,10411,1994-07-07,404.00,CD,MO,1. BUENO,S,1,2014-12-15
165,I,450400016,00040,1994,F,ARCHIVERO DE METAL,1994-07-07,"ARCHIVERO DE METAL.- COLOR: ARENA, CON 3 GAVETAS, TAMAÑO: OFICIO, MEDIDAS: 0.50 X 0.66 X 0.96 MTS.",000004,10411,1994-07-07,404.00,CD,MO,1. BUENO,S,1,2014-12-15
166,I,450400016,00041,1994,F,ARCHIVERO DE METAL,1994-07-07,"ARCHIVERO DE METAL.- COLOR: ARENA, CON 3 GAVETAS, TAMAÑO: OFICIO, MEDIDAS: 0.50 X 0.66 X 0.96 MTS.",000004,10411,1994-07-07,404.00,CD,MO,1. BUENO,S,1,2014-12-15
167,I,450400016,00042,1994,F,ARCHIVERO DE METAL,1994-07-07,"ARCHIVERO DE METAL.- COLOR: ARENA, CON 3 GAVETAS, TAMAÑO: OFICIO, MEDIDAS: 0.50 X 0.66 X 0.96 MTS.",000004,10411,1994-07-07,404.00,CD,MO,1. BUENO,S,1,2014-12-15
168,I,450400016,00043,1994,F,ARCHIVERO DE METAL,1994-07-07,"ARCHIVERO DE METAL.- COLOR: ARENA, CON 3 GAVETAS, TAMAÑO: OFICIO, MEDIDAS: 0.50 X 0.66 X 0.96 MTS.",000004,10411,1994-07-07,404.00,CD,MO,1. BUENO,S,1,2014-12-15
169,I,450400016,00044,1994,F,ARCHIVERO DE METAL,1994-07-07,"ARCHIVERO DE METAL.- COLOR: ARENA, CON 3 GAVETAS, TAMAÑO: OFICIO, MEDIDAS: 0.50 X 0.66 X 0.96 MTS.",000004,10411,1994-07-07,404.00,CD,MO,6. BAJA (INSERVIBLE),S,1,2013-10-25
170,I,450400016,00045,1994,F,ARCHIVERO DE METAL,1994-07-07,"ARCHIVERO DE METAL.- COLOR: ARENA, CON 3 GAVETAS, TAMAÑO: OFICIO, MEDIDAS: 0.50 X 0.66 X 0.96 MTS.",000004,10411,1994-07-07,404.00,CD,MO,1. BUENO,S,1,2014-12-15
171,I,450400016,00046,1994,F,ARCHIVERO DE METAL,1994-07-07,"ARCHIVERO DE METAL.- COLOR: ARENA, CON 4 GAVETAS, TAMAÑO: OFICIO, MEDIDAS: 0.50 X 0.66 X 0.96 MTS.",000004,10411,1994-07-07,404.00,CD,MO,1. BUENO,S,1,2014-12-15
172,I,450400016,00047,1994,F,ARCHIVERO DE METAL,1994-07-07,"ARCHIVERO DE METAL.- COLOR: ARENA, CON 4 GAVETAS, TAMAÑO: OFICIO, MEDIDAS: 0.50 X 0.66 X 0.96 MTS.",000004,10411,1994-07-07,404.00,CD,MO,1. BUENO,S,1,2014-12-15
173,I,450400016,00048,1994,F,ARCHIVERO DE METAL,1994-07-07,"ARCHIVERO DE METAL.- COLOR: ARENA, CON 3 GAVETAS, TAMAÑO: OFICIO, MEDIDAS: 0.50 X 0.66 X 0.96 MTS.",000004,10411,1994-07-07,404.00,CD,MO,6. BAJA (INSERVIBLE),S,1,2012-09-04
174,I,450400016,00049,1994,F,ARCHIVERO DE METAL,1994-07-07,"ARCHIVERO DE METAL.- COLOR: ARENA, CON 4 GAVETAS, TAMAÑO: OFICIO, MEDIDAS: 0.50 X 0.66 X 1.25 MTS.",000004,10411,1994-07-07,638.57,CD,MO,1. BUENO,S,1,2014-12-15
175,I,450400016,00050,1994,F,ARCHIVERO DE METAL,1994-07-07,"ARCHIVERO DE METAL.- COLOR: ARENA, CON 4 GAVETAS, TAMAÑO: OFICIO, MEDIDAS: 0.50 X 0.66 X 1.25 MTS.",000004,10411,1994-07-07,638.57,CD,MO,6. BAJA (INSERVIBLE),S,1,2013-10-25
176,I,450400016,00051,1994,F,ARCHIVERO DE METAL,1994-07-07,"ARCHIVERO DE METAL.- COLOR: ARENA, CON 4 GAVETAS, TAMAÑO: OFICIO, MEDIDAS: 0.50 X 0.66 X 1.25 MTS.",000004,10411,1994-07-07,638.57,CD,MO,6. BAJA (INSERVIBLE),S,1,2012-09-04
177,I,450400016,00052,1994,F,ARCHIVERO DE METAL,1994-07-07,"ARCHIVERO DE METAL.- COLOR: ARENA, CON 4 GAVETAS, TAMAÑO: OFICIO, MEDIDAS: 0.50 X 0.66 X 1.25 MTS.",000004,10411,1994-07-07,638.57,CD,MO,1. BUENO,S,1,2014-12-15
178,I,450400016,00053,1994,F,ARCHIVERO DE METAL,1994-07-07,"ARCHIVERO DE METAL.- COLOR: ARENA, CON 4 GAVETAS, TAMAÑO: OFICIO, MEDIDAS: 0.50 X 0.66 X 1.25 MTS.",000004,10411,1994-07-07,638.57,CD,MO,1. BUENO,S,1,2014-12-15
179,I,450400016,00054,1994,F,ARCHIVERO DE METAL,1994-07-07,"ARCHIVERO DE METAL.- COLOR: ARENA, CON 4 GAVETAS, TAMAÑO: OFICIO, MEDIDAS: 0.50 X 0.66 X 1.25 MTS.",000004,10411,1994-07-07,638.57,CD,MO,1. BUENO,S,1,2014-12-15
180,I,450400016,00055,1994,F,ARCHIVERO DE METAL,1994-07-07,"ARCHIVERO DE METAL.- COLOR: ARENA, CON 4 GAVETAS, TAMAÑO: OFICIO, MEDIDAS: 0.50 X 0.66 X 1.25 MTS.",000004,10411,1994-07-07,638.57,CD,MO,1. BUENO,S,1,2014-12-15
181,I,450400016,00056,1994,F,ARCHIVERO DE METAL,1994-07-07,"ARCHIVERO DE METAL.- COLOR: ARENA, CON 4 GAVETAS, TAMAÑO: OFICIO, MEDIDAS: 0.50 X 0.66 X 1.25 MTS.",000004,10411,1994-07-07,638.57,CD,MO,1. BUENO,S,1,2014-12-15
182,I,450400016,00057,1994,F,ARCHIVERO DE METAL,1994-07-07,"ARCHIVERO DE METAL.- COLOR: ARENA, CON 4 GAVETAS, TAMAÑO: OFICIO, MEDIDAS: 0.50 X 0.66 X 1.25 MTS.",000004,10411,1994-07-07,638.57,CD,MO,1. BUENO,S,1,2014-12-15
183,I,450400016,00058,1994,F,ARCHIVERO DE METAL,1994-07-07,"ARCHIVERO DE METAL.- COLOR: ARENA, CON 4 GAVETAS, TAMAÑO: OFICIO, MARCA: STRONG, MEDIDAS: 0.50 X 0.66 X 1.25 MTS.",000004,10411,1994-07-07,638.57,CD,MO,1. BUENO,S,1,2014-12-15
184,I,450400016,00123,1994,F,ARCHIVERO DE METAL,1994-08-24,"ARCHIVERO DE METAL.- MARCA: STRONG, MODELO: 031103,  COLOR: ARENA, CON 4 GAVETAS, TAMAÑO: OFICIO, MEDIDAS: 0.50 X 0.66 X 1.25 MTS.",000004,11264,1994-08-24,638.57,CD,MO,6. BAJA (INSERVIBLE),S,1,2014-12-09
185,I,450400016,00124,1994,F,ARCHIVERO DE METAL,1994-08-24,"ARCHIVERO DE METAL.- COLOR: ARENA, CON 4 GAVETAS, TAMAÑO: OFICIO, MEDIDAS: 0.50 X 0.66 X 1.25 MTS.",000004,11264,1994-08-24,638.57,CD,MO,6. BAJA (INSERVIBLE),S,1,2012-09-04
186,I,450400016,00270,1982,F,ARCHIVERO DE METAL,1982-03-15,"ARCHIVERO DE METAL.- COLOR: ARENA, CON 3 GAVETAS, TAMAÑO: OFICIO, MEDIDAS: 0.47 x 0.72 x 1.08 MTS.",000033,018,1982-03-15,6.70,CD,MO,1. BUENO,S,1,2014-12-15
187,I,450400016,00274,1982,F,ARCHIVERO DE METAL,1982-05-04,"ARCHIVERO DE METAL.- COLOR: ARENA, CON 4 GAVETAS, TAMAÑO: OFICIO, MEDIDAS: 0.50 x 0.72 x 1.34 MTS.",000049,0966,1982-05-04,10.01,CD,MO,6. BAJA (INSERVIBLE),S,1,2013-10-25
188,I,450400016,00277,1982,F,ARCHIVERO DE METAL,1982-03-05,"ARCHIVERO DE METAL.- COLOR: ARENA, CON 4 GAVETAS, TAMAÑO: OFICIO, MEDIDAS: 0.72 x 0.50 x 1.34 MTS.",000049,0943,1982-03-05,7.69,CD,MO,1. BUENO,S,1,2014-12-15
189,I,450400016,00278,1982,F,ARCHIVERO DE METAL,1982-03-05,"ARCHIVERO DE METAL.- COLOR: ARENA, CON 4 GAVETAS, TAMAÑO: OFICIO, MEDIDAS: 0.72 x 0.50 x 1.34 MTS.",000049,0943,1982-03-05,7.69,CD,MO,6. BAJA (INSERVIBLE),S,1,2013-10-25
190,I,450400016,00280,1982,F,ARCHIVERO DE METAL,1982-03-05,"ARCHIVERO DE METAL.- COLOR: ARENA, CON 4 GAVETAS, TAMAÑO: OFICIO, MEDIDAS: 0.72 x 0.50 x 1.34 MTS.",000049,0943,1982-03-05,7.69,CD,MO,1. BUENO,S,1,2014-12-15
191,I,450400016,00281,1982,F,ARCHIVERO DE METAL,1982-05-11,"ARCHIVERO DE METAL.- COLOR: ARENA, CON 4 GAVETAS, TAMAÑO: OFICIO, MEDIDAS: 0.47 x 0.72 x 1.34 MTS.",000049,1105,1982-05-11,10.01,CD,MO,1. BUENO,S,1,2014-12-15
192,I,450400016,00283,1982,F,ARCHIVERO DE METAL,1982-03-05,"ARCHIVERO DE METAL.- COLOR: ARENA, CON 4 GAVETAS, TAMAÑO: OFICIO, MEDIDAS: 0.72 x 0.50 x 1.34 MTS.",000049,0942,1982-03-05,7.69,CD,MO,6. BAJA (INSERVIBLE),S,1,2014-06-30
193,I,450400016,00284,1982,F,ARCHIVERO DE METAL,1982-05-13,"ARCHIVERO DE METAL.- COLOR: ARENA, CON 4 GAVETAS, TAMAÑO: OFICIO, MEDIDAS: 0.47 x 0.72 x 1.34 MTS.",000049,0981,1982-05-13,10.01,CD,MO,6. BAJA (INSERVIBLE),S,1,2009-06-30
194,I,450400016,00285,1982,F,ARCHIVERO DE METAL,1982-05-11,"ARCHIVERO DE METAL.- COLOR: ARENA, CON 4 GAVETAS, TAMAÑO: OFICIO, MEDIDAS: 0.47 x 0.72 x 1.34 MTS.",000049,0976,1982-05-11,10.01,CD,MO,6. BAJA (INSERVIBLE),S,1,2014-12-03
195,I,450400016,00295,1982,F,ARCHIVERO DE METAL,1982-03-05,"ARCHIVERO DE METAL.- COLOR: ARENA, CON 4 GAVETAS, TAMAÑO: OFICIO, MEDIDAS: 0.72 x 0.50 x 1.34 MTS.",000049,0936,1982-03-05,7.69,CD,MO,1. BUENO,S,1,2014-12-15
196,I,450400016,00296,1982,F,ARCHIVERO DE METAL,1982-03-05,"ARCHIVERO DE METAL.- COLOR: ARENA, CON 4 GAVETAS, TAMAÑO: OFICIO, MEDIDAS: 0.72 x 0.50 x 1.34 MTS.",000049,0936,1982-03-05,7.69,CD,MO,1. BUENO,S,1,2014-12-15
197,I,450400016,00298,1982,F,ARCHIVERO DE METAL,1982-05-14,"ARCHIVERO DE METAL.- COLOR: ARENA, CON 4 GAVETAS, TAMAÑO: OFICIO, MEDIDAS: 0.47 x 0.72 x 1.34 MTS.",000049,1033,1982-05-14,10.01,CD,MO,6. BAJA (INSERVIBLE),S,1,2014-12-15
198,I,450400016,00300,1982,F,ARCHIVERO DE METAL,1982-05-12,"ARCHIVERO DE METAL.- COLOR: ARENA, CON 4 GAVETAS, TAMAÑO: OFICIO, MEDIDAS: 0.47 x 0.72 x 1.34 MTS.",000049,0978,1982-05-12,10.01,CD,MO,1. BUENO,S,1,2014-12-15
199,I,450400016,00301,1982,F,ARCHIVERO DE METAL,1982-05-12,"ARCHIVERO DE METAL.- COLOR: ARENA, CON 4 GAVETAS, TAMAÑO: OFICIO, MEDIDAS: 0.47 x 0.72 x 1.34 MTS.",000049,0978,1982-05-12,10.01,CD,MO,6. BAJA (INSERVIBLE),S,1,2014-06-30
200,I,450400016,00302,1982,F,ARCHIVERO DE METAL,1982-05-14,"ARCHIVERO DE METAL.- COLOR: ARENA, CON 4 GAVETAS, TAMAÑO: OFICIO, MEDIDAS: 0.47 x 0.72 x 1.34 MTS.",000049,1058,1982-05-14,10.01,CD,MO,6. BAJA (INSERVIBLE),S,1,2013-10-25
201,I,450400016,00307,1982,F,ARCHIVERO DE METAL,1982-05-14,"ARCHIVERO DE METAL.- COLOR: ARENA, CON 4 GAVETAS, TAMAÑO: OFICIO, MEDIDAS: 0.47 x 0.72 x 1.34 MTS.",000049,1058,1982-05-14,10.01,CD,MO,6. BAJA (INSERVIBLE),S,1,2012-09-04
202,I,450400016,00308,1982,F,ARCHIVERO DE METAL,1982-05-21,"ARCHIVERO DE METAL.- COLOR: ARENA, CON 4 GAVETAS, TAMAÑO: OFICIO, MEDIDAS: 0.47 x 0.72 x 1.34 MTS.",000049,0992,1982-05-21,10.01,CD,MO,6. BAJA (INSERVIBLE),S,1,2012-09-04
203,I,450400016,00309,1982,F,ARCHIVERO DE METAL,1982-05-14,"ARCHIVERO DE METAL.- COLOR: ARENA, CON 4 GAVETAS, TAMAÑO: OFICIO, MEDIDAS: 0.47 x 0.72 x 1.34 MTS.",000049,1079,1982-05-14,10.01,CD,MO,6. BAJA (INSERVIBLE),S,1,2012-09-04
204,I,450400016,00310,1982,F,ARCHIVERO DE METAL,1982-05-14,"ARCHIVERO DE METAL.- COLOR: ARENA, CON 4 GAVETAS, TAMAÑO: OFICIO, MEDIDAS: 0.47 x 0.72 x 1.34 MTS.",000049,1079,1982-05-14,10.01,CD,MO,6. BAJA (INSERVIBLE),S,1,2013-10-25
205,I,450400016,00312,1982,F,ARCHIVERO DE METAL,1982-05-28,"ARCHIVERO DE METAL.- COLOR: ARENA, CON 4 GAVETAS, TAMAÑO: OFICIO, MEDIDAS: 0.47 x 0.72 x 1.34 MTS.",000049,1004,1982-05-28,10.01,CD,MO,1. BUENO,S,1,2014-12-15
206,I,450400016,00313,1982,F,ARCHIVERO DE METAL,1982-05-27,"ARCHIVERO DE METAL.- COLOR: ARENA, CON 4 GAVETAS, TAMAÑO: OFICIO, MEDIDAS: 0.47 x 0.72 x 1.34 MTS.",000049,1003,1982-05-27,10.01,CD,MO,1. BUENO,S,1,2014-12-15
207,I,450400016,00316,1982,F,ARCHIVERO DE METAL,1982-11-19,"ARCHIVERO DE METAL.- COLOR: ARENA, CON 4 GAVETAS, TAMAÑO: OFICIO, MEDIDAS: 0.47 X 0.72 X 1.34 MTS.",000087,431,1982-11-19,9.94,CD,MO,6. BAJA (INSERVIBLE),S,1,2009-06-30
208,I,450400016,00317,1982,F,ARCHIVERO DE METAL,1982-11-19,"ARCHIVERO DE METAL.- COLOR: ARENA, CON 4 GAVETAS, TAMAÑO: OFICIO, MEDIDAS: 0.47 X 0.72 X 1.34 MTS.",000087,431,1982-11-19,9.94,CD,MO,6. BAJA (INSERVIBLE),S,1,2009-06-30
209,I,450400016,00318,1982,F,ARCHIVERO DE METAL,1982-11-19,"ARCHIVERO DE METAL.- MODELO: M-504,  COLOR: ARENA, CON 4 GAVETAS, TAMAÑO: OFICIO, MEDIDAS: 0.47 X 0.72 X 1.34 MTS.",000087,431,1982-11-19,9.94,CD,MO,1. BUENO,S,1,2014-12-15
210,I,450400016,00319,1982,F,ARCHIVERO DE METAL,1982-11-19,"ARCHIVERO DE METAL.- COLOR: ARENA, CON 4 GAVETAS, TAMAÑO: OFICIO, MEDIDAS: 0.47 X 0.72 X 1.34 MTS.",000087,431,1982-11-19,9.94,CD,MO,6. BAJA (INSERVIBLE),S,1,2009-06-30
211,I,450400016,00321,1982,F,ARCHIVERO DE METAL,1982-11-19,"ARCHIVERO DE METAL.-  MODELO: M-504, COLOR: ARENA, CON 4 GAVETAS, TAMAÑO: OFICIO, MEDIDAS: 0.47 X 0.72 X 1.34 MTS.",000087,431,1982-11-19,9.94,CD,MO,1. BUENO,S,1,2014-12-15
212,I,450400016,00410,1982,F,ARCHIVERO DE METAL,1982-11-03,"ARCHIVERO DE METAL.- MARCA: ARTEFORM,  COLOR: ARENA, CON 4 GAVETAS, TAMAÑO: OFICIO, MEDIDAS: 0.45 X 0.74 X 1.33 MTS.",000004,2921,1982-11-03,12.15,CD,MO,1. BUENO,S,1,2014-12-15
213,I,450400016,00415,1982,F,ARCHIVERO DE METAL,1982-11-03,"ARCHIVERO DE METAL.-  MARCA: ARTEFORM, COLOR: ARENA, CON 4 GAVETAS, TAMAÑO: OFICIO, MEDIDAS: 0.45 X 0.74 X 1.33 MTS.",000004,2921,1982-11-03,12.15,CD,MO,1. BUENO,S,1,2014-12-15
214,I,450400016,00419,1982,F,ARCHIVERO DE METAL,1982-09-09,"ARCHIVERO DE METAL.- MODELO: A4R, COLOR: ARENA, CON 4 GAVETAS, TAMAÑO: OFICIO, MEDIDAS: 0.45 X 0.74 X 0.33 MTS.",000004,2790,1982-09-09,11.00,CD,MO,6. BAJA (INSERVIBLE),S,1,2014-12-03
215,I,450400016,00420,1982,F,ARCHIVERO DE METAL,1982-09-09,"ARCHIVERO DE METAL.- MODELO: A4R, COLOR: ARENA, CON 4 GAVETAS, TAMAÑO: OFICIO, MEDIDAS: 0.45 X 0.74 X 1.33 MTS.",000004,2790,1982-09-09,11.00,CD,MO,1. BUENO,S,1,2014-12-15
216,I,450400016,00421,1982,F,ARCHIVERO DE METAL,1982-09-09,"ARCHIVERO DE METAL.- MODELO: A4R, COLOR: ARENA, CON 4 GAVETAS, TAMAÑO: OFICIO, MEDIDAS: 0.45 X 0.74 X 1.33 MTS.",000004,2790,1982-09-09,11.00,CD,MO,6. BAJA (INSERVIBLE),S,1,2014-12-03
217,I,450400016,00422,1982,F,ARCHIVERO DE METAL,1982-09-09,"ARCHIVERO DE METAL.- MODELO: A4R, COLOR: ARENA, CON 4 GAVETAS, TAMAÑO: OFICIO, MEDIDAS: 0.45 X 0.74 X 1.33 MTS",000004,2790,1982-09-09,11.00,CD,MO,1. BUENO,S,1,2014-12-15
218,I,450400016,00423,1982,F,ARCHIVERO DE METAL,1982-12-15,"ARCHIVERO DE METAL.- MARCA: ARTEFORM, MODELO: A4R, COLOR: ARENA, CON 4 GAVETAS, TAMAÑO: OFICIO, MEDIDAS: 0.45 X 0.74 X 1.33 MTS.",000004,2876,1982-12-15,12.15,CD,MO,1. BUENO,S,1,2014-12-15
219,I,450400016,00424,1982,F,ARCHIVERO DE METAL,1982-12-15,"ARCHIVERO DE METAL.- COLOR: ARENA, CON 4 GAVETAS, TAMAÑO: OFICIO, MEDIDAS: 0.45 X 0.74 X 1.33 MTS.",000004,2876,1982-12-15,12.15,CD,MO,6. BAJA (INSERVIBLE),S,1,2013-10-25
220,I,450400016,00425,1982,F,ARCHIVERO DE METAL,1982-12-15,"ARCHIVERO DE METAL.- MARCA: ARTEFORM, MODELO: A4R, COLOR: ARENA, CON 4 GAVETAS, TAMAÑO: OFICIO, MEDIDAS: 0.45 X 0.74 X 1.33 MTS.",000004,2876,1982-12-15,12.15,CD,MO,1. BUENO,S,1,2014-12-15
221,I,450400016,00426,1982,F,ARCHIVERO DE METAL,1982-12-15,"ARCHIVERO DE METAL.- MNARCA: ARTEFORM, MODELO: A4R, COLOR: ARENA, CON 4 GAVETAS, TAMAÑO: OFICIO, MEDIDAS: 0.45 X 0.74 X 1.33 MTS.",000004,2876,1982-12-15,12.15,CD,MO,1. BUENO,S,1,2014-12-15
222,I,450400016,00427,1982,F,ARCHIVERO DE METAL,1982-12-15,"ARCHIVERO DE METAL.- MARCA: ARTEFORM, MODELO: A4R, COLOR: ARENA, CON 4 GAVETAS, TAMAÑO: OFICIO, MEDIDAS: 0.45 X 0.74 X 1.33 MTS.",000004,2876,1982-12-15,12.15,CD,MO,1. BUENO,S,1,2014-12-15
223,I,450400016,00431,1982,F,ARCHIVERO DE METAL,1982-09-17,"ARCHIVERO DE METAL.- COLOR: ARENA, CON 4 GAVETAS, TAMAÑO: OFICIO, MARCA: LINSA, MEDIDAS: 0.47 X 0.71 X 1.32 MTS",000087,396,1982-09-17,9.94,CD,MO,6. BAJA (INSERVIBLE),S,1,2009-08-26
224,I,450400016,00432,1982,F,ARCHIVERO DE METAL,1982-09-17,"ARCHIVERO DE METAL.- COLOR: ARENA, CON 4 GAVETAS, TAMAÑO: OFICIO, MARCA: LINSA; MEDIDAS: 0.47 X 0.71 X 1.32 MTS",000087,396,1982-09-17,9.94,CD,MO,6. BAJA (INSERVIBLE),S,1,2013-10-25
225,I,450400016,00433,1982,F,ARCHIVERO DE METAL,1982-09-17,"ARCHIVERO DE METAL.- COLOR: ARENA, CON 4 GAVETAS, TAMAÑO: OFICIO, MARCA: LINS, MEDIDAS: 0.47 X 0.71 X 1.32 MTS.",000087,396,1982-09-17,9.94,CD,MO,1. BUENO,S,0,
226,I,450400016,00434,1982,F,ARCHIVERO DE METAL,1982-09-17,"ARCHIVERO DE METAL.- COLOR: ARENA, CON 4 GAVETAS, TAMAÑO: OFICIO, MARCA: LINSA, MEDIDAS: 0.47 X 0.71 X 0.32 MTS.",000087,396,1982-09-17,9.94,CD,MO,6. BAJA (INSERVIBLE),S,1,2013-10-25
227,I,450400016,00435,1982,F,ARCHIVERO DE METAL,1982-09-17,"ARCHIVERO DE METAL.- MARCA: ARTEFORM, MODELO: 150-X, COLOR: ARENA, CON 4 GAVETAS, TAMAÑO: OFICIO, MARCA: LINSA; MEDIDAS: 0.47 X 0.71 X 1.32 MTS.",000087,396,1982-09-17,9.94,CD,MO,1. BUENO,S,0,
228,I,450400016,00436,1982,F,ARCHIVERO DE METAL,1982-09-17,"ARCHIVERO DE METAL.- MARCA: ARTEFORM,  MODELO: 150-X,  COLOR: ARENA, CON 4 GAVETAS, TAMAÑO: OFICIO, MARCA: LINSA; MEDIDAS: 0.47 X 0.71 X 1.32 MTS.",000087,396,1982-09-17,9.94,CD,MO,1. BUENO,S,0,
229,I,450400016,00438,1982,F,ARCHIVERO DE METAL,1982-09-17,"ARCHIVERO DE METAL.- COLOR: ARENA, CON 4 GAVETAS, TAMAÑO: OFICIO, MARCA: LINSA, MEDIDAS: 0.47 X 0.71 X 1.32 MTS.",000087,396,1982-09-17,9.94,CD,MO,1. BUENO,S,0,
230,I,450400108,00027,1994,F,ENFRIADOR Y CALENTADOR AGUA (PARA OFICIN,1994-07-08,"ENFRIADOR Y CALENTADOR AGUA (PARA OFICINA).- SURTIDOR DE AGUA 2 TEMPERATURAS, MARCA: GENERAL ELECTRIC, NUMERO DE SERIE: 9406EE02231",000004,10431,1994-07-08,850.00,CD,MO,6. BAJA (INSERVIBLE),S,1,2013-10-25
231,I,450400108,00028,1994,F,ENFRIADOR Y CALENTADOR AGUA (PARA OFICIN,1994-07-08,"ENFRIADOR Y CALENTADOR AGUA (PARA OFICINA).- SURTIDOR DE AGUA 2 TEMPERATURAS, MARCA: GENERAL ELECTRIC, NUMERO DE SERIE: 9404EE08344",000004,10431,1994-07-08,850.00,CD,MO,6. BAJA (INSERVIBLE),S,1,2014-06-30
232,I,450400108,00029,1994,F,ENFRIADOR Y CALENTADOR AGUA (PARA OFICIN,1994-07-08,"ENFRIADOR Y CALENTADOR AGUA (PARA OFICINA).- SURTIDOR DE AGUA 2 TEMPERATURAS, MARCA: GENERAL ELECTRIC, NUMERO DE SERIE: 9405EE60396",000004,10431,1994-07-08,850.00,CD,MO,6. BAJA (INSERVIBLE),S,1,2013-10-14
233,I,450400108,00030,1994,F,ENFRIADOR Y CALENTADOR AGUA (PARA OFICIN,1994-07-08,"ENFRIADOR Y CALENTADOR AGUA (PARA OFICINA).- SURTIDOR DE AGUA 2 TEMPERATURAS, MARCA: GENERAL ELECTRIC, NUMERO DE SERIE: 9406EE2243",000004,10431,1994-07-08,850.00,CD,MO,6. BAJA (INSERVIBLE),S,1,2014-06-30
234,I,450400108,00031,1994,F,ENFRIADOR Y CALENTADOR AGUA (PARA OFICIN,1994-07-27,"ENFRIADOR Y CALENTADOR AGUA (PARA OFICINA).- SURTIDOR DE AGUA 2 TEMPERATURAS, MARCA: GENERAL ELECTRIC, MODELO: EGE-604, NUMERO DE SERIE: 9311EE06237",000004,10715,1994-07-27,890.00,CD,MO,6. BAJA (INSERVIBLE),S,1,2009-07-02
235,I,450400108,00035,1994,F,ENFRIADOR Y CALENTADOR AGUA (PARA OFICIN,1994-07-27,"ENFRIADOR Y CALENTADOR AGUA (PARA OFICINA).- SURTIDOR DE AGUA 2 TEMPERATURAS, MARCA: GENERAL ELECTRIC: MODELO: EGE-604, NUMERO DE SERIE: 9407EE00281",000004,10715,1994-07-27,890.00,CD,MO,6. BAJA (INSERVIBLE),S,1,2014-06-30
236,I,450400108,00038,1994,F,ENFRIADOR Y CALENTADOR AGUA (PARA OFICIN,1994-07-27,"ENFRIADOR Y CALENTADOR AGUA (PARA OFICINA).- SURTIDOR DE AGUA 2 TEMPERATURAS, MARCA: GENERAL ELECTRIC, MODELO: EGE-604, NUMERO DE SERIE: 9407EE00278",000004,10715,1994-07-27,890.00,CD,MO,6. BAJA (INSERVIBLE),S,1,2012-09-04
237,I,450400122,00019,1994,F,ESCRITORIO DE MADERA,1994-07-07,"ESCRITORIO DE MADERA.- SECRETARIAL, MARCA: NAPOLES, ESTRUCTURA TUBULAR CUADRADA CROMADA, 1 PEDESTAL, 1 GAVETA, 1 CAJON, MEDIDAS: 1.20 X 0.75 X 0.75 MTS.",000004,10411,1994-07-07,450.00,CD,MO,6. BAJA (INSERVIBLE),S,1,2014-12-03
238,I,450400122,00020,1994,F,ESCRITORIO DE MADERA,1994-07-07,"ESCRITORIO DE MADERA.- SECRETARIAL, MARCA: NAPOLES,  ESTRUCTURA TUBULAR CUADRADA CROMADA, 1 PEDESTAL, 1 GAVETA, 1 CAJON, MEDIDAS: 1.20 x 0.75 x .75 MTS.",000004,10411,1994-07-07,450.00,CD,MO,6. BAJA (INSERVIBLE),S,1,2014-12-03
239,I,450400122,00021,1994,F,ESCRITORIO DE MADERA,1994-07-07,"ESCRITORIO DE MADERA.- SECRETARIAL, MARCA: NAPOLES,  ESTRUCTURA TUBULAR CUADRADA CROMADA, 1 PEDESTAL, 1 GAVETA, 1 CAJON, MEDIDAS: 1.20 x 0.75 x 0.75 MTS.",000004,10411,1994-07-07,450.00,CD,MO,6. BAJA (INSERVIBLE),S,1,2014-12-03
240,I,450400122,00022,1994,F,ESCRITORIO DE MADERA,1994-07-07,"ESCRITORIO DE MADERA.- SECRETARIAL, MARCA: NAPOLES, ESTRUCTURA TUBULAR CUADRADA CROMADA, 1 PEDESTAL, 1 GAVETA, 1 CAJON, MEDIDAS: 1.20 x 0.75 x 0.75 MTS.",000004,10411,1994-07-07,450.00,CD,MO,6. BAJA (INSERVIBLE),S,1,2014-12-03
241,I,450400122,00023,1994,F,ESCRITORIO DE MADERA,1994-07-07,"ESCRITORIO DE MADERA.- SECRETARIAL, MARCA: NAPOLES, ESTRUCTURA TUBULAR CUADRADA CROMADA, 1 PEDESTAL, 1 GAVETA, 1 CAJON, MEDIDAS: 1.20 x 0.75 x 0.75 MTS.",000004,10411,1994-07-07,450.00,CD,MO,6. BAJA (INSERVIBLE),S,1,2014-12-03
242,I,450400122,00024,1994,F,ESCRITORIO DE MADERA,1994-07-07,"ESCRITORIO DE MADERA.- SECRETARIAL, MARCA: NAPOLES, ESTRUCTURA TUBULAR CUADRADA CROMADA, 1 PEDESTAL, 1 GAVETA, 1 CAJON, MEDIDAS: 1.20 x 0.75 x 0.75 MTS.",000004,10411,1994-07-07,450.00,CD,MO,6. BAJA (INSERVIBLE),S,1,2014-12-03
243,I,450400122,00025,1994,F,ESCRITORIO DE MADERA,1994-07-07,"ESCRITORIO DE MADERA.- SECRETARIAL, MARCA: NAPOLES, ESTRUCTURA TUBULAR CUADRADA CROMADA, 1 PEDESTAL, 1 GAVETA, 1 CAJON, MEDIDAS: 1.20 x 0.75 x 0.75 MTS.",000004,10411,1994-07-07,450.00,CD,MO,6. BAJA (INSERVIBLE),S,1,2014-12-03
244,I,450400122,00026,1994,F,ESCRITORIO DE MADERA,1994-07-07,"ESCRITORIO DE MADERA.- SECRETARIAL, MARCA: NAPOLES,  ESTRUCTURA TUBULAR CUADRADA CROMADA, 1 PEDESTAL, 1 GAVETA, 1 CAJON, MEDIDAS: 1.20 x 0.75 x 0.75 MTS.",000004,10411,1994-07-07,450.00,CD,MO,6. BAJA (INSERVIBLE),S,1,2014-12-03
245,I,450400122,00027,1994,F,ESCRITORIO DE MADERA,1994-07-07,"ESCRITORIO DE MADERA.- SECRETARIAL, MARCA: NAPOLES, ESTRUCTURA TUBULAR CUADRADA CROMADA, 1 PEDESTAL, 1 GAVETA, 1 CAJON, MEDIDAS: 1.20 x 0.75 x 0.75 MTS.",000004,10411,1994-07-07,450.00,CD,MO,6. BAJA (INSERVIBLE),S,1,2014-12-03
246,I,450400122,00028,1994,F,ESCRITORIO DE MADERA,1994-07-07,"ESCRITORIO DE MADERA.- SECRETARIAL, MARCA: NAPOLES, ESTRUCTURA TUBULAR CUADRADA CROMADA, 1 PEDESTAL, 1 GAVETA, 1 CAJON, MEDIDAS: 1.20 X 0.75 X 0.75 MTS.",000004,10411,1994-07-07,450.00,CD,MO,6. BAJA (INSERVIBLE),S,1,2014-12-03
247,I,450400122,00029,1994,F,ESCRITORIO DE MADERA,1994-07-15,"ESCRITORIO DE MADERA.- SECRETARIAL, ESTRUCTURA TUBULAR CUADRADA CROMADA, MARCA: NAPOLES; 1 PEDESTAL; 1 GAVETA, 1 CAJON; MEDIDAS: 1.60 x 75 x .75 MTS.",000004,10536,1994-07-15,545.00,CD,MO,6. BAJA (INSERVIBLE),S,1,2012-09-04
248,I,450400122,00030,1994,F,ESCRITORIO DE MADERA,1994-07-15,"ESCRITORIO DE MADERA.- SECRETARIAL, ESTRUCTURA TUBULAR CUADRADA CROMADA, MARCA: NAPOLES, 1 PEDESTAL, 1 GAVETA, 1 CAJON, MEDIDAS: 1.60 x 0.75 x 0.75 MTS.",000004,10536,1994-07-15,545.00,CD,MO,6. BAJA (INSERVIBLE),S,1,2014-12-03
249,I,450400122,00031,1994,F,ESCRITORIO DE MADERA,1994-07-15,"ESCRITORIO DE MADERA.- SECRETARIAL, ESTRUCTURA TUBULAR CUADRADA CROMADA, MARCA: NAPOLES, 1 PEDESTAL, 1 GAVETA, 1 CAJON, MEDIDAS: 1.60 x 0.75 x 0.75 MTS.",000004,10536,1994-07-15,545.00,CD,MO,6. BAJA (INSERVIBLE),S,1,2014-12-03
250,I,450400122,00032,1994,F,ESCRITORIO DE MADERA,1994-07-15,"ESCRITORIO DE MADERA.- SECRETARIAL, ESTRUCTURA TUBULAR CUADRADA CROMADA, MARCA: NAPOLES, 1 PEDESTAL, 1 GAVETA, 1 CAJON; MEDIDAS: 1.60 x 0.75 x 0.75 MTS.",000004,10536,1994-07-15,545.00,CD,MO,6. BAJA (INSERVIBLE),S,1,2014-12-03
251,I,450400122,00033,1994,F,ESCRITORIO DE MADERA,1994-07-15,"ESCRITORIO DE MADERA.- SECRETARIAL, ESTRUCTURA TUBULAR CUADRADA CROMADA, MARCA: NAPOLES, 1 PEDESTAL, 1 GAVETA, 1 CAJON, MEDIDAS: 1.60 x 0.75 x 0.75 MTS.",000004,10536,1994-07-15,545.00,CD,MO,6. BAJA (INSERVIBLE),S,1,2012-09-04
252,I,450400122,00034,1994,F,ESCRITORIO DE MADERA,1994-07-15,"ESCRITORIO DE MADERA.- SECRETARIAL, ESTRUCTURA TUBULAR CUADRADA CROMADA, MARCA: NAPOLES, 1 PEDESTAL, 1 GAVETA, 1 CAJON, MEDIDAS: 1.60 X 0.70 X 0.75 MTS.",000004,10536,1994-07-15,545.00,CD,MO,6. BAJA (INSERVIBLE),S,1,2014-12-03
253,I,450400122,00035,1994,F,ESCRITORIO DE MADERA,1994-07-15,"ESCRITORIO DE MADERA.- SECRETARIAL, ESTRUCTURA TUBULAR CUADRADA CROMADA, MARCA: NAPOLES, 1 PEDESTAL, 1 GAVETA, 1 CAJON; 1.60 x 0.75 x 0.75 MTS.",000004,10536,1994-07-15,545.00,CD,MO,6. BAJA (INSERVIBLE),S,1,2014-12-03
254,I,450400122,00036,1994,F,ESCRITORIO DE MADERA,1994-07-15,"ESCRITORIO DE MADERA.- SECRETARIAL, ESTRUCTURA TUBULAR CUADRADA CROMADA, MARCA: NAPOLES, 1 PEDESTAL, 1 GAVETA, 1 CAJON, MEDIDAS: 1.60 x 0.70 x 0.75 MTS.",000004,10536,1994-07-15,545.00,CD,MO,6. BAJA (INSERVIBLE),S,1,2014-12-03
255,I,450400122,00037,1994,F,ESCRITORIO DE MADERA,1994-07-15,"ESCRITORIO DE MADERA.- SECRETARIAL, ESTRUCTURA TUBULAR CUADRADA CROMADA, MARCA: NAPOLES, 1 PEDESTAL, 1 GAVETA; 1 CAJON; MEDIDAS: 1.60 x 75 x .75 MTS.",000004,10536,1994-07-15,545.00,CD,MO,6. BAJA (INSERVIBLE),S,1,2014-12-03
256,I,450400122,00077,1994,F,ESCRITORIO DE MADERA,1994-08-24,"ESCRITORIO DE MADERA.- SECRETARIAL, ESTRUCTURA TUBULAR CUADRADA CROMADA, MARCA: NAPOLES, 1 PEDESTAL, 1 GAVETA, 1 CAJON, MEDIDAS: 1.60 x 0.75 x 0.78 MTS.",000004,11264,1994-08-24,545.00,CD,MO,6. BAJA (INSERVIBLE),S,1,2014-06-30
257,I,450400122,00159,1982,F,ESCRITORIO DE MADERA,1982-05-31,"ESCRITORIO DE MADERA.- SECRETARIAL, ESTRUCTURA TUBULAR CUADRADA CROMADA, MARCA: STEELE, 1 PEDESTAL, 1 GAVETA, MEDIDAS: 1.39 X 0.65 X 0.73 MTS. CON ADITAMENTO ANEXO DE 1 PEDESTAL Y 2 CAJONES, MEDIDAS: 1.10 X 0.52 X 0.66 MTS.",000104,3622,1982-05-31,30.70,CD,MO,6. BAJA (INSERVIBLE),S,1,2012-09-04
258,I,450400122,00160,1982,F,ESCRITORIO DE MADERA,1982-05-31,"ESCRITORIO DE MADERA.- MARCA: ETEELE, 1 PEDESTAL, 1 GAVETA, 1 CAJON MEDIDAS: 1.39 X 0.65 X 0.73 MTS.",000104,3622,1982-05-31,16.87,CD,MO,1. BUENO,S,0,
259,I,450400124,00092,1991,F,ESCRITORIO DE METAL,1991-12-18,"ESCRITORIO DE METAL.- EJECUTIVO, 2 PEDESTAL, 2 CAJONES 1 GAVETA, CON CUBIERTA DE FORMAICA, MEDIDAS: 1.5 X 0.75 X 0.75 MTS.",000139,57612,1991-12-18,693.55,DP,MO,6. BAJA (INSERVIBLE),S,1,2009-08-26
260,I,450400124,00128,1991,F,ESCRITORIO DE METAL,1991-12-18,"ESCRITORIO DE METAL.- SECRETARIAL, 2 NIVELES, MODELO: E-120-2, 1 PEDESTAL, 1 CAJON, 1 GAVETA, MEDIDAS: 1.14 X 0.75 X 0.65 MTS.",000593,C. DONAC,1991-12-18,634.87,DP,MO,6. BAJA (INSERVIBLE),S,1,2013-10-29
261,I,450400124,00318,1982,F,ESCRITORIO DE METAL,1982-03-15,"ESCRITORIO DE METAL.- COLOR: ARENA, 1 PEDESTAL, 1 GAVETA, 1 CAJON, CUBIERTA DE FORMAICA, MEDIDAS: 1.15 x 0.75 x 0.75 MTS.",000033,018,1982-03-15,6.74,CD,MO,6. BAJA (INSERVIBLE),S,1,2014-12-03
262,I,450400124,00319,1982,F,ESCRITORIO DE METAL,1982-03-15,"ESCRITORIO DE METAL.- COLOR: ARENA, 1 PEDESTAL, 1 GAVETA, 1 CAJON, CUBIERTA DE FORMAICA, MEDIDAS: 1.15 x 0.75 x 0.75 MTS.",000033,018,1982-03-15,6.74,CD,MO,6. BAJA (INSERVIBLE),S,1,2014-12-03
263,I,450400124,00320,1982,F,ESCRITORIO DE METAL,1982-03-15,"ESCRITORIO DE METAL.- EJECUTIVO, COLOR: ARENA, 2 PEDESTALES, 4 CAJONES, 2 GAVETAS, CUBIERTA DE FORMAICA, MEDIDAS: 1.51 x 0.75 x 0.75 MTS.",000033,018,1982-03-15,9.30,CD,MO,6. BAJA (INSERVIBLE),S,1,2014-12-03
264,I,450400124,00321,1982,F,ESCRITORIO DE METAL,1982-05-04,"ESCRITORIO DE METAL.- EJECUTIVO, COLOR: ARENA, CON 2 PEDESTALES, 4 CAJONES, 1 GAVETA, CON CUBIERTA DE FORMAICA, MEDIDAS: 1.51 x 0.75 x 0.75 MTS.",000049,0966,1982-05-04,11.84,CD,MO,6. BAJA (INSERVIBLE),S,1,2014-12-03
265,I,450400124,00322,1982,F,ESCRITORIO DE METAL,1982-05-04,"ESCRITORIO DE METAL.- COLOR: ARENA, CON 1 PEDESTAL, 1 CAJON, 1 GAVETA, CON CUBIERTA DE FORMAICA, MEDIDAS: 1.14 x 0.75 x 0.75 MTS.",000049,0966,1982-05-04,8.49,CD,MO,6. BAJA (INSERVIBLE),S,1,2009-08-26
266,I,450400124,00323,1982,F,ESCRITORIO DE METAL,1982-05-04,"ESCRITORIO SECRETARIAL METALICO.- COLOR: ARENA, CON 1 PEDESTAL, 1 CAJON, 1 GAVETA, CON CUBIERTA DE FORMAICA, MEDIDAS: 1.14 x 0.75 x 0.75 MTS.",000049,0966,1982-05-04,8.49,CD,MO,6. BAJA (INSERVIBLE),S,1,2014-12-03
267,I,450400124,00325,1982,F,ESCRITORIO DE METAL,1982-03-12,"ESCRITORIO DE METAL.- EJECUTIVO, COLOR: ARENA, CON 2 PEDESTALES, 4 CAJONES, 1 GAVETA, CUBIERTA DE FORMAICA, MEDIDAS: 1.51 x 0.75 x 0.75 MTS.",000049,0918,1982-03-12,9.85,CD,MO,6. BAJA (INSERVIBLE),S,1,2014-12-03
268,I,450400124,00326,1982,F,ESCRITORIO DE METAL,1982-03-12,"ESCRITORIO DE METAL.- EJECUTIVO, OLOR: ARENA, CON 2 PEDESTALES, 4 CAJONES, 1 GAVETA, CUBIERTA DE FORMAICA, MEDIDAS: 1.51 x 0.75 x 0.75 MTS.",000049,0918,1982-03-12,9.86,CD,MO,6. BAJA (INSERVIBLE),S,1,2014-12-03
269,I,450400124,00327,1982,F,ESCRITORIO DE METAL,1982-05-04,"ESCRITORIO DE METAL.- EJECUTIVO, COLOR: ARENA, 2 PEDESTALES, 4 CAJONES, 1 GAVETA; CON CUBIERTA DE FORMAIC, MEDIDAS: 1.51 x 0.75 x 0.75 MTS.",000049,0967,1982-05-04,11.84,CD,MO,6. BAJA (INSERVIBLE),S,1,2014-12-03
270,I,450400124,00328,1982,F,ESCRITORIO DE METAL,1982-05-04,"ESCRITORIO DE METAL.- EJECUTIVO, COLOR: ARENA, 2 PEDESTALES, 4 CAJONES, 1 GAVETA, CON CUBIERTA DE FORMAICA, MEDIDAS: 1.51 x 0.75 x 0.75 MTS.",000049,0967,1982-05-04,11.84,CD,MO,6. BAJA (INSERVIBLE),S,1,2014-12-03
271,I,450400124,00329,1982,F,ESCRITORIO DE METAL,1982-05-04,"ESCRITORIO DE METAL.- EJECUTIVO, COLOR: ARENA, 1 PEDESTAL, 3 CAJONES, CON CUBIERTA DE FORMAICA, MEDIDAS: 1.51 x 0.75 x 0.75 MTS.",000049,0967,1982-05-04,11.84,CD,MO,6. BAJA (INSERVIBLE),S,1,2013-10-25
272,I,450400124,00330,1982,F,ESCRITORIO DE METAL,1982-05-04,"ESCRITORIO SECRETARIAL METALICO.- COLOR: ARENA, 1 PEDESTAL, 1 CAJON, 1 GAVETA, CON CUBIERTA DE FORMAICA; MEDIDAS: 1.14 x 0.75 x 0.75 MTS.",000049,0967,1982-05-04,8.49,CD,MO,6. BAJA (INSERVIBLE),S,1,2014-12-03
273,I,450400124,00331,1982,F,ESCRITORIO DE METAL,1982-05-04,"ESCRITORIO DE METAL.- COLOR: ARENA, 1 PEDESTAL, 1 CAJON, 1 GAVETA, CON CUBIERTA DE FORMAICA, MEDIDAS: 1.14 x 0.75 x 0.75 MTS.",000049,0967,1982-05-04,8.49,CD,MO,6. BAJA (INSERVIBLE),S,1,2013-10-25
274,I,450400124,00332,1982,F,ESCRITORIO DE METAL,1982-04-29,"ESCRITORIO DE METAL.- SECRETARIAL, 2 NIVELES, 1 PEDESTAL, 1 CAJON, 1 GAVETA, MARCA: ARTEFORM, MODELO: 114NM, COLOR: ARENA, CUBIERTA DE FORMAICA, MEDIDAS: 1.14 x 0.75 X 0.75 MTS.",000004,2290,1982-04-29,9.80,CD,MO,6. BAJA (INSERVIBLE),S,1,2014-12-03
275,I,450400124,00333,1982,F,ESCRITORIO DE METAL,1982-04-29,"ESCRITORIO DE METAL.- SECRETARIAL, 2 NIVELES, 1 PEDESTAL, 1 CAJON, 1 GAVETA, MARCA: ARTEFORM, MODELO: 114NM, COLOR: ARENA, CUBIERTA DE FORMAICA, MEDIDAS: 1.14 x 0.75 X 0.75 MTS.",000004,2290,1982-04-29,9.80,CD,MO,6. BAJA (INSERVIBLE),S,1,2014-12-03
276,I,450400124,00334,1982,F,ESCRITORIO DE METAL,1982-04-28,"ESCRITORIO METALICO EJECUTIVO.-  SECRETARIAL, COLOR: ARENA, 2 PEDESTALES, 4 CAJONES, 1 GAVETA, CUBIERTA DE FORMAICA; MEDIDAS: 1.50 x 0.75 x 0.75 MTS.",000004,2287,1982-04-28,10.89,CD,MO,6. BAJA (INSERVIBLE),S,1,2014-12-03
277,I,450400124,00335,1982,F,ESCRITORIO DE METAL,1982-04-28,"ESCRITORIO DE METAL.- EJECUTIVO, MARCA: ARTEFORM, MODELO: 150-X,  COLOR: ARENA, 2 PEDESTALES, 4 CAJONES, 1 GAVETA, CUBIERTA DE FORMAICA; MEDIDAS: 1.50 x 0.75 x 0.75 MTS.",000004,2287,1982-04-28,10.89,CD,MO,6. BAJA (INSERVIBLE),S,1,2014-12-03
278,I,450400124,00336,1982,F,ESCRITORIO DE METAL,1982-04-28,"ESCRITORIO DE METAL.- EJECUTIVO, MARCA: ARTEFORM, MODELO: 150-X, COLOR: ARENA, 2 PEDESTALES, 4 CAJONES, 1 GAVETA, CUBIERTA DE FORMAICA; MEDIDAS: 1.50 x 0.75 x 0.75 MTS.",000004,2287,1982-04-28,10.89,CD,MO,6. BAJA (INSERVIBLE),S,1,2014-12-03
279,I,450400124,00337,1982,F,ESCRITORIO DE METAL,1982-03-05,"ESCRITORIO DE METAL.- SECRETARIAL, 1 PEDESTAL, 1 GAVETA, 1 CAJON, COLOR: ARENA, CUBIERTA DE FORMAICA, MEDIDAS: 1.14 x 0.75 x 0.75 MTS.",000049,0943,1982-03-05,7.15,CD,MO,6. BAJA (INSERVIBLE),S,1,2014-12-03
280,I,450400124,00338,1982,F,ESCRITORIO DE METAL,1982-05-04,"ESCRITORIO DE METAL.- SECRETARIAL, 1 PEDESTAL, 1 CAJON, 1 GAVETA, COLOR: ARENA, CUBIERTA DE FORMAICA, MEDIDAS: 1.14 x 0.75 x 0.75 MTS.",000049,0968,1982-05-04,8.49,CD,MO,6. BAJA (INSERVIBLE),S,1,2014-06-30
281,I,450400124,00340,1982,F,ESCRITORIO DE METAL,1982-05-04,"ESCRITORIO DE METAL.- SECRETARIAL, 2 NIVELES, 1 PEDESTAL, 1 CAJON, 1 GAVETA, CUBIERTA DE FORMAICA, COLOR: ARENA, MARCA: ARTEFORM, MODELO: 114 NM, MEDIDAS: 1.14 x 0.75 x 0.75 MTS.",000004,2304,1982-05-04,9.80,CD,MO,6. BAJA (INSERVIBLE),S,1,2014-12-03
282,I,450400124,00342,1982,F,ESCRITORIO DE METAL,1982-05-03,"ESCRITORIO DE METAL.- SECRETARIAL, 2 NIVELES, 1 PEDESTAL, 1 CAJON, 1 GAVETA, CUBIERTA DE FORMAICA, COLOR: ARENA, MARCA: ARTEFORM, MODELO: 114, MEDIDAS: 1.14 x 0.75 x 0.75 MTS.",000004,2302,1982-05-03,9.80,CD,MO,6. BAJA (INSERVIBLE),S,1,2013-10-25
283,I,450400124,00343,1982,F,ESCRITORIO DE METAL,1982-05-03,"ESCRITORIO DE METAL.- SECRETARIAL, 2 NIVELES, 1 PEDESTAL, 1 CAJON, 1 GAVETA, CUBIERTA DE FORMAICA, COLOR: ARENA, MARCA: ARTEFORM, MODELO: 114 NM, MEDIDAS: 1.14 x 0.75 x 0.75 MTS.",000004,2302,1982-05-03,9.80,CD,MO,6. BAJA (INSERVIBLE),S,1,2014-12-03
284,I,450400124,00344,1982,F,ESCRITORIO DE METAL,1982-05-03,"ESCRITORIO DE METAL.- SECRETARIAL, 2 NIVELES, 1 PEDESTAL, 1 CAJON, 1 GAVETA, CUBIERTA DE FORMAICA, COLOR: ARENA, MARCA: ARTEFORM, MODELO: 114, MEDIDAS: 1.14 x 0.75 x 0.75 MTS.",000004,2302,1982-05-03,9.80,CD,MO,6. BAJA (INSERVIBLE),S,1,2009-07-02
285,I,450400124,00345,1982,F,ESCRITORIO DE METAL,1982-03-02,"ESCRITORIO SECREARIAL DE METAL.-  SECRETARIAL DE METAL., 1 PEDESTAL, 2 CAJONES, COLOR: ARENA, CUBIERTA DE FORMAICA, MEDIDAS: 1.14 x 0.75 x 0.75 MTS.",000049,0903,1982-03-02,7.26,CD,MO,6. BAJA (INSERVIBLE),S,1,2014-12-03
286,I,450400124,00347,1982,F,ESCRITORIO DE METAL,1982-03-02,"ESCRITORIO SECRETARIAL  DE METAL.- SECRETARIAL DE METAL, 1 PEDESTAL, 2 CAJONES, COLOR: ARENA, CUBIERTA DE FORMAICA, MEDIDAS: 1.14 x 0.75 x 0.75 MTS.",000049,0903,1982-03-02,7.26,CD,MO,6. BAJA (INSERVIBLE),S,1,2014-12-03
287,I,450400124,00349,1982,F,ESCRITORIO DE METAL,1982-03-02,"ESCRITORIO EJECUTIVO METALICO.- ESCRITORIO EJECUTIVO METALICO, 2 PEDESTALES, 4 CAJONES, 1 GAVETA, COLOR: ARENA, CUBIERTA DE FORMAICA, MEDIDAS: 1.51 x 0.75 x 0.75 MTS.",000049,0922,1982-03-02,9.83,CD,MO,6. BAJA (INSERVIBLE),S,1,2014-12-03
288,I,450400124,00350,1982,F,ESCRITORIO DE METAL,1982-03-02,"ESCRITORIO EJECUTIVO METALICO.- ESCRITORIO EJECUTIVO METALICO, 2 PEDESTALES, 4 CAJONES, 1 GAVETA, COLOR: ARENA, CUBIERTA DE FORMAICA, MEDIDAS: 1.51 x 0.75 x 0.75 MTS.",000049,0922,1982-03-02,9.83,CD,MO,6. BAJA (INSERVIBLE),S,1,2014-12-03
289,I,450400124,00351,1982,F,ESCRITORIO DE METAL,1982-03-04,"ESCRITORIO DE METAL.- SECRETARIAL, 1 PEDESTAL, 1 CAJON, 1 GAVETA, COLOR: ARENA, CUBIERTA DE FORMAICA, MEDIDAS: 1.14 x 0.75 x 0.75 MTS.",000049,0906,1982-03-04,7.26,CD,MO,6. BAJA (INSERVIBLE),S,1,2014-12-03
290,I,450400124,00353,1982,F,ESCRITORIO DE METAL,1982-05-11,"ESCRITORIO DE METAL.- SECRETARIAL, 1 PEDESTAL, 1 CAJON, 1 GAVETA, COLOR: ARENA, CUBIERTA DE FORMAICA, MEDIDAS: 1.14 x 0.75 x 0.75 MTS.",000049,1105,1982-05-11,8.49,CD,MO,6. BAJA (INSERVIBLE),S,1,2014-12-03
291,I,450400124,00355,1982,F,ESCRITORIO DE METAL,1982-05-06,"ESCRITORIO METALICO EJECUTIVO.- 2 PEDESTALES, 4 CAJONES, 1 GAVETA, COLOR: ARENA, CON CUBIERTA DE FORMAICA, MEDIDAS: 1.51 x 0.75 x 0.75 MTS.",000049,0972,1982-05-06,11.84,CD,MO,6. BAJA (INSERVIBLE),S,1,2014-12-03
292,I,450400124,00356,1982,F,ESCRITORIO DE METAL,1982-05-06,"ESCRITORIO DE METAL.- SECRETARIAL, 1 PEDESTAL, 1 CAJON, 1 GAVETA, COLOR: ARENA, CUBIERTA DE FORMAICA, MEDIDAS: 1.14 x 0.75 x 0.75 MTS.",000049,0972,1982-05-06,8.49,CD,MO,6. BAJA (INSERVIBLE),S,1,2014-12-03
293,I,450400124,00357,1982,F,ESCRITORIO DE METAL,1982-05-13,"ESCRITORIO DE METAL.- SECRETARIAL, 1 PEDESTAL, 1 CAJON, 1 GAVETA, COLOR: ARENA, CON CUBIERTA DE FORMAICA, MEDIDAS: 1.14 x 0.75 x 0.75 MTS.",000049,1157,1982-05-13,8.49,CD,MO,6. BAJA (INSERVIBLE),S,1,2014-12-03
294,I,450400124,00358,1982,F,ESCRITORIO DE METAL,1982-05-13,"ESCRITORIO DE METAL.- SECRETARIAL, 1 PEDESTAL, 1 CAJON, 1 GAVETA, COLOR: ARENA, CON CUBIERTA DE FORMAICA, MEDIDAS: 1.14 x 0.75 x 0.75 MTS.",000049,1157,1982-05-13,8.49,CD,MO,6. BAJA (INSERVIBLE),S,1,2014-12-03
295,I,450400124,00359,1982,F,ESCRITORIO DE METAL,1982-05-13,"ESCRITORIO DE METAL.- SECRETARIAL, 1 PEDESTAL, 1 CAJON, 1 GAVETA, COLOR: ARENA, CON CUBIERTA DE FORMAICA, MEDIDAS: 1.14 x 0.75 x 0.75 MTS.",000049,1157,1982-05-13,8.49,CD,MO,6. BAJA (INSERVIBLE),S,1,2014-12-03
296,I,450400124,00362,1982,F,ESCRITORIO DE METAL,1982-03-05,"ESCRITORIO DE METAL.- SECRETARIAL, 1 PEDESTAL, 1 CAJON, 1 GAVETA, COLOR: ARENA, CUBIERTA DE FORMAICA, MEDIDAS: 1.14 X 0.75 X 0.75 MTS.",000049,0934,1982-03-05,7.15,CD,MO,6. BAJA (INSERVIBLE),S,1,2014-12-03
297,I,450400124,00363,1982,F,ESCRITORIO DE METAL,1982-03-05,"ESCRITORIO DE METAL.- SECRETARIAL, 1 PEDESTAL, 1 CAJON, 1 GAVETA, COLOR: ARENA, CUBIERTA DE FORMAICA, MEDIDAS: 1.14 X 0.75 X 0.75 MTS.",000049,0934,1982-03-05,7.15,CD,MO,6. BAJA (INSERVIBLE),S,1,2014-12-03
298,I,450400124,00369,1982,F,ESCRITORIO DE METAL,1982-03-05,"ESCRITORIO DE METAL.- SECRETARIAL, 1 PEDESTAL, 1 CAJON, 1 GAVETA, COLOR: ARENA, CUBIERTA DE FORMAICA, MEDIDAS: 1.14 X 0.75 X 0.75 MTS.",000049,0936,1982-03-05,8.25,CD,MO,6. BAJA (INSERVIBLE),S,1,2014-12-03
299,I,450400124,00370,1982,F,ESCRITORIO DE METAL,1982-03-05,"ESCRITORIO DE METAL.- SECRETARIAL, 1 PEDESTAL, 1 CAJON, 1 GAVETA, COLOR: ARENA, CUBIERTA DE FORMAICA, MEDIDAS: 1.14 X 0.75 X 0.75 MTS.",000049,0936,1982-03-05,7.15,CD,MO,6. BAJA (INSERVIBLE),S,1,2013-10-25
300,I,450400124,00372,1982,F,ESCRITORIO DE METAL,1982-03-05,"ESCRITORIO EJECUTIVO METALICO.- SECRETARIAL, 2 PEDESTALES, 4 CAJONES, 1 GAVETA, COLOR: ARENA, CUBIERTA DE  FORMAICA, MEDIDAS: 1.51 x 0.75 x 0.75 MTS.",000049,0936,1982-03-05,9.83,CD,MO,6. BAJA (INSERVIBLE),S,1,2014-12-03
